open_timestamp_utc,close_timestamp_utc,open,high,low,close,volume
1555671600,1555675199,6.308e-05,6.308e-05,6.288e-05,6.3e-05,31110
1555675200,1555678799,6.298e-05,6.309e-05,6.286e-05,6.298e-05,39686
1555678800,1555682399,6.3e-05,6.308e-05,6.284e-05,6.296e-05,43374
1555682400,1555685999,6.303e-05,6.303e-05,6.283e-05,6.287e-05,52330
1555686000,1555689599,6.286e-05,6.286e-05,6.252e-05,6.268e-05,32323
1555689600,1555693199,6.268e-05,6.29e-05,6.236e-05,6.281e-05,95538
1555693200,1555696799,6.284e-05,6.3e-05,6.269e-05,6.276e-05,60523
1555696800,1555700399,6.279e-05,6.294e-05,6.275e-05,6.291e-05,33780
1555700400,1555703999,6.291e-05,6.295e-05,6.272e-05,6.283e-05,18035
1555704000,1555707599,6.284e-05,6.312e-05,6.267e-05,6.29e-05,32670
1555707600,1555711199,6.297e-05,6.302e-05,6.273e-05,6.289e-05,38109
1555711200,1555714799,6.289e-05,6.298e-05,6.273e-05,6.278e-05,10268
1555714800,1555718399,6.278e-05,6.281e-05,6.265e-05,6.269e-05,53879
1555718400,1555721999,6.268e-05,6.276e-05,6.26e-05,6.262e-05,20412
1555722000,1555725599,6.261e-05,6.272e-05,6.253e-05,6.253e-05,31330
1555725600,1555729199,6.253e-05,6.27e-05,6.247e-05,6.263e-05,18047
1555729200,1555732799,6.262e-05,6.271e-05,6.236e-05,6.236e-05,11663
1555732800,1555736399,6.238e-05,6.251e-05,6.234e-05,6.249e-05,8616
1555736400,1555739999,6.249e-05,6.257e-05,6.236e-05,6.257e-05,48464
1555740000,1555743599,6.249e-05,6.256e-05,6.239e-05,6.255e-05,4738
1555743600,1555747199,6.255e-05,6.256e-05,6.223e-05,6.242e-05,13814
1555747200,1555750799,6.246e-05,6.255e-05,6.223e-05,6.252e-05,18904
1555750800,1555754399,6.253e-05,6.253e-05,6.214e-05,6.214e-05,9360
1555754400,1555757999,6.22e-05,6.226e-05,6.207e-05,6.214e-05,2487
1555758000,1555761599,6.213e-05,6.223e-05,6.209e-05,6.213e-05,18514
1555761600,1555765199,6.212e-05,6.22e-05,6.204e-05,6.21e-05,25621
1555765200,1555768799,6.21e-05,6.22e-05,6.201e-05,6.21e-05,24452
1555768800,1555772399,6.212e-05,6.224e-05,6.201e-05,6.201e-05,14709
1555772400,1555775999,6.206e-05,6.207e-05,6.192e-05,6.2e-05,337384
1555776000,1555779599,6.206e-05,6.207e-05,6.193e-05,6.201e-05,8673
1555779600,1555783199,6.201e-05,6.224e-05,6.191e-05,6.213e-05,20738
1555783200,1555786799,6.212e-05,6.22e-05,6.202e-05,6.205e-05,23422
1555786800,1555790399,6.213e-05,6.216e-05,6.179e-05,6.179e-05,98272
1555790400,1555793999,6.19e-05,6.19e-05,6.16e-05,6.167e-05,28320
1555794000,1555797599,6.171e-05,6.178e-05,6.134e-05,6.167e-05,94548
1555797600,1555801199,6.16e-05,6.185e-05,6.152e-05,6.18e-05,70839
1555801200,1555804799,6.179e-05,6.179e-05,6.153e-05,6.165e-05,23297
1555804800,1555808399,6.174e-05,6.184e-05,6.159e-05,6.176e-05,72045
1555808400,1555811999,6.176e-05,6.178e-05,6.166e-05,6.177e-05,28140
1555812000,1555815599,6.177e-05,6.178e-05,6.165e-05,6.165e-05,61856
1555815600,1555819199,6.163e-05,6.177e-05,6.144e-05,6.155e-05,18007
1555819200,1555822799,6.149e-05,6.155e-05,6.13e-05,6.139e-05,116963
1555822800,1555826399,6.13e-05,6.141e-05,6.114e-05,6.114e-05,49825
1555826400,1555829999,6.125e-05,6.134e-05,6.1e-05,6.11e-05,67442
1555830000,1555833599,6.11e-05,6.11e-05,6.1e-05,6.11e-05,5439
1555833600,1555837199,6.109e-05,6.109e-05,6.085e-05,6.095e-05,21810
1555837200,1555840799,6.093e-05,6.093e-05,6.037e-05,6.066e-05,152810
1555840800,1555844399,6.063e-05,6.111e-05,6.057e-05,6.072e-05,43101
1555844400,1555847999,6.075e-05,6.091e-05,6.053e-05,6.063e-05,65371
1555848000,1555851599,6.066e-05,6.08e-05,6.052e-05,6.076e-05,68568
1555851600,1555855199,6.083e-05,6.099e-05,6.063e-05,6.092e-05,157931
1555855200,1555858799,6.092e-05,6.093e-05,6.069e-05,6.076e-05,19779
1555858800,1555862399,6.073e-05,6.083e-05,6.042e-05,6.083e-05,178465
1555862400,1555865999,6.084e-05,6.085e-05,6.056e-05,6.056e-05,12866
1555866000,1555869599,6.064e-05,6.077e-05,6.057e-05,6.063e-05,4036
1555869600,1555873199,6.063e-05,6.09e-05,6.055e-05,6.09e-05,55015
1555873200,1555876799,6.087e-05,6.087e-05,6.059e-05,6.062e-05,29095
1555876800,1555880399,6.061e-05,6.095e-05,6.056e-05,6.083e-05,10139
1555880400,1555883999,6.084e-05,6.093e-05,6.071e-05,6.076e-05,48764
1555884000,1555887599,6.067e-05,6.09e-05,6.063e-05,6.085e-05,37329
1555887600,1555891199,6.085e-05,6.092e-05,6.077e-05,6.082e-05,13929
1555891200,1555894799,6.084e-05,6.088e-05,6.061e-05,6.076e-05,6311
1555894800,1555898399,6.076e-05,6.091e-05,6.071e-05,6.079e-05,32140
1555898400,1555901999,6.079e-05,6.079e-05,6.057e-05,6.075e-05,52410
1555902000,1555905599,6.072e-05,6.092e-05,6.063e-05,6.083e-05,25937
1555905600,1555909199,6.08e-05,6.289e-05,6.075e-05,6.227e-05,390368
1555909200,1555912799,6.227e-05,6.246e-05,6.185e-05,6.185e-05,18666
1555912800,1555916399,6.189e-05,6.211e-05,6.174e-05,6.185e-05,21873
1555916400,1555919999,6.182e-05,6.182e-05,6.166e-05,6.178e-05,8657
1555920000,1555923599,6.191e-05,6.207e-05,6.178e-05,6.184e-05,11437
1555923600,1555927199,6.19e-05,6.209e-05,6.179e-05,6.19e-05,28747
1555927200,1555930799,6.19e-05,6.192e-05,6.171e-05,6.174e-05,20424
1555930800,1555934399,6.171e-05,6.171e-05,6.145e-05,6.157e-05,74942
1555934400,1555937999,6.16e-05,6.16e-05,6.137e-05,6.142e-05,50173
1555938000,1555941599,6.143e-05,6.148e-05,6.127e-05,6.127e-05,45047
1555941600,1555945199,6.13e-05,6.132e-05,6.101e-05,6.101e-05,29987
1555945200,1555948799,6.101e-05,6.11e-05,6.029e-05,6.073e-05,89272
1555948800,1555952399,6.06e-05,6.087e-05,6.032e-05,6.087e-05,73298
1555952400,1555955999,6.087e-05,6.087e-05,6.033e-05,6.045e-05,61823
1555956000,1555959599,6.041e-05,6.055e-05,5.998e-05,5.998e-05,199064
1555959600,1555963199,5.998e-05,6.043e-05,5.982e-05,6.016e-05,75577
1555963200,1555966799,6.012e-05,6.053e-05,6e-05,6.045e-05,16614
1555966800,1555970399,6.046e-05,6.048e-05,6.001e-05,6.01e-05,39122
1555970400,1555973999,6.01e-05,6.039e-05,6.009e-05,6.03e-05,119603
1555974000,1555977599,6.034e-05,6.034e-05,6.011e-05,6.015e-05,40247
1555977600,1555981199,6.018e-05,6.024e-05,6.003e-05,6.009e-05,32200
1555981200,1555984799,6.009e-05,6.035e-05,6.006e-05,6.034e-05,22466
1555984800,1555988399,6.034e-05,6.035e-05,6.006e-05,6.013e-05,34279
1555988400,1555991999,6.009e-05,6.009e-05,5.926e-05,5.954e-05,98904
1555992000,1555995599,5.956e-05,5.956e-05,5.746e-05,5.904e-05,307809
1555995600,1555999199,5.905e-05,5.939e-05,5.884e-05,5.896e-05,80009
1555999200,1556002799,5.905e-05,5.916e-05,5.881e-05,5.884e-05,50707
1556002800,1556006399,5.884e-05,5.898e-05,5.878e-05,5.893e-05,31360
1556006400,1556009999,5.893e-05,5.914e-05,5.88e-05,5.914e-05,91557
1556010000,1556013599,5.92e-05,5.924e-05,5.902e-05,5.906e-05,36925
1556013600,1556017199,5.906e-05,5.907e-05,5.876e-05,5.88e-05,45120
1556017200,1556020799,5.88e-05,5.886e-05,5.857e-05,5.864e-05,153840
1556020800,1556024399,5.865e-05,5.867e-05,5.824e-05,5.839e-05,85402
1556024400,1556027999,5.85e-05,5.858e-05,5.822e-05,5.858e-05,169691
1556028000,1556031599,5.867e-05,5.892e-05,5.833e-05,5.851e-05,222817
1556031600,1556035199,5.846e-05,5.864e-05,5.828e-05,5.828e-05,62972
1556035200,1556038799,5.841e-05,5.854e-05,5.824e-05,5.824e-05,96896
1556038800,1556042399,5.834e-05,5.837e-05,5.774e-05,5.793e-05,122577
1556042400,1556045999,5.793e-05,5.798e-05,5.76e-05,5.77e-05,210018
1556046000,1556049599,5.774e-05,5.802e-05,5.766e-05,5.776e-05,173498
1556049600,1556053199,5.777e-05,5.81e-05,5.765e-05,5.809e-05,149008
1556053200,1556056799,5.8e-05,5.814e-05,5.786e-05,5.804e-05,36648
1556056800,1556060399,5.814e-05,5.836e-05,5.791e-05,5.791e-05,85646
1556060400,1556063999,5.791e-05,5.797e-05,5.781e-05,5.784e-05,56697
1556064000,1556067599,5.786e-05,5.794e-05,5.776e-05,5.787e-05,38716
1556067600,1556071199,5.787e-05,5.788e-05,5.733e-05,5.756e-05,137606
1556071200,1556074799,5.756e-05,5.767e-05,5.715e-05,5.754e-05,183341
1556074800,1556078399,5.768e-05,5.768e-05,5.744e-05,5.749e-05,26574
1556078400,1556081999,5.746e-05,5.747e-05,5.706e-05,5.712e-05,19768
1556082000,1556085599,5.721e-05,5.738e-05,5.709e-05,5.71e-05,53034
1556085600,1556089199,5.712e-05,5.712e-05,5.66e-05,5.689e-05,175606
1556089200,1556092799,5.682e-05,5.704e-05,5.352e-05,5.376e-05,593065
1556092800,1556096399,5.381e-05,5.475e-05,5.377e-05,5.456e-05,170223
1556096400,1556099999,5.458e-05,5.503e-05,5.435e-05,5.503e-05,50720
1556100000,1556103599,5.492e-05,5.552e-05,5.492e-05,5.517e-05,146957
1556103600,1556107199,5.507e-05,5.558e-05,5.507e-05,5.545e-05,148091
1556107200,1556110799,5.537e-05,5.572e-05,5.531e-05,5.549e-05,26364
1556110800,1556114399,5.549e-05,5.56e-05,5.496e-05,5.507e-05,197662
1556114400,1556117999,5.506e-05,5.519e-05,5.498e-05,5.508e-05,82111
1556118000,1556121599,5.501e-05,5.527e-05,5.499e-05,5.5e-05,132919
1556121600,1556125199,5.5e-05,5.519e-05,5.47e-05,5.484e-05,277593
1556125200,1556128799,5.479e-05,5.493e-05,5.438e-05,5.438e-05,134631
1556128800,1556132399,5.443e-05,5.512e-05,5.432e-05,5.496e-05,206581
1556132400,1556135999,5.489e-05,5.503e-05,5.471e-05,5.503e-05,75413
1556136000,1556139599,5.501e-05,5.536e-05,5.501e-05,5.535e-05,108925
1556139600,1556143199,5.528e-05,5.552e-05,5.525e-05,5.534e-05,35229
1556143200,1556146799,5.534e-05,5.538e-05,5.503e-05,5.517e-05,65715
1556146800,1556150399,5.515e-05,5.538e-05,5.488e-05,5.537e-05,76953
1556150400,1556153999,5.538e-05,5.54e-05,5.521e-05,5.533e-05,90615
1556154000,1556157599,5.525e-05,5.533e-05,5.509e-05,5.526e-05,16052
1556157600,1556161199,5.523e-05,5.538e-05,5.48e-05,5.491e-05,76276
1556161200,1556164799,5.492e-05,5.516e-05,5.49e-05,5.501e-05,66311
1556164800,1556168399,5.51e-05,5.524e-05,5.503e-05,5.512e-05,14812
1556168400,1556171999,5.511e-05,5.514e-05,5.502e-05,5.513e-05,16508
1556172000,1556175599,5.516e-05,5.517e-05,5.492e-05,5.496e-05,66428
1556175600,1556179199,5.505e-05,5.506e-05,5.485e-05,5.5e-05,50369
1556179200,1556182799,5.5e-05,5.509e-05,5.492e-05,5.501e-05,7288
1556182800,1556186399,5.497e-05,5.517e-05,5.491e-05,5.505e-05,35443
1556186400,1556189999,5.505e-05,5.531e-05,5.504e-05,5.504e-05,30002
1556190000,1556193599,5.515e-05,5.633e-05,5.507e-05,5.573e-05,226095
1556193600,1556197199,5.573e-05,5.578e-05,5.537e-05,5.548e-05,53608
1556197200,1556200799,5.546e-05,5.563e-05,5.522e-05,5.562e-05,61105
1556200800,1556204399,5.571e-05,5.626e-05,5.545e-05,5.585e-05,126895
1556204400,1556207999,5.586e-05,5.601e-05,5.558e-05,5.574e-05,33485
1556208000,1556211599,5.574e-05,5.578e-05,5.547e-05,5.55e-05,33291
1556211600,1556215199,5.546e-05,5.546e-05,5.509e-05,5.527e-05,145217
1556215200,1556218799,5.525e-05,5.525e-05,5.502e-05,5.516e-05,75256
1556218800,1556222399,5.517e-05,5.519e-05,5.496e-05,5.511e-05,310838
1556222400,1556225999,5.511e-05,5.527e-05,5.511e-05,5.512e-05,27916
1556226000,1556229599,5.518e-05,5.535e-05,5.499e-05,5.515e-05,232565
1556229600,1556233199,5.515e-05,5.66e-05,5.494e-05,5.592e-05,554508
1556233200,1556236799,5.591e-05,5.607e-05,5.56e-05,5.576e-05,86632
1556236800,1556240399,5.582e-05,5.643e-05,5.565e-05,5.62e-05,136711
1556240400,1556243999,5.614e-05,5.615e-05,5.578e-05,5.605e-05,109788
1556244000,1556247599,5.609e-05,5.609e-05,5.518e-05,5.536e-05,111837
1556247600,1556251199,5.534e-05,5.557e-05,5.518e-05,5.556e-05,92039
1556251200,1556254799,5.556e-05,5.569e-05,5.529e-05,5.556e-05,126559
1556254800,1556258399,5.547e-05,5.563e-05,5.532e-05,5.541e-05,76341
1556258400,1556261999,5.547e-05,5.574e-05,5.537e-05,5.554e-05,45084
1556262000,1556265599,5.552e-05,5.575e-05,5.528e-05,5.562e-05,184523
1556265600,1556269199,5.563e-05,5.575e-05,5.526e-05,5.557e-05,21800
1556269200,1556272799,5.558e-05,5.568e-05,5.547e-05,5.566e-05,104015
1556272800,1556276399,5.567e-05,5.62e-05,5.558e-05,5.617e-05,31355
1556276400,1556279999,5.617e-05,5.617e-05,5.588e-05,5.601e-05,65478
1556280000,1556283599,5.599e-05,5.64e-05,5.586e-05,5.604e-05,18957
1556283600,1556287199,5.604e-05,5.621e-05,5.596e-05,5.607e-05,63699
1556287200,1556290799,5.61e-05,5.614e-05,5.591e-05,5.591e-05,132718
1556290800,1556294399,5.609e-05,5.609e-05,5.586e-05,5.608e-05,12051
1556294400,1556297999,5.6e-05,5.673e-05,5.6e-05,5.656e-05,100382
1556298000,1556301599,5.658e-05,5.718e-05,5.658e-05,5.686e-05,60566
1556301600,1556305199,5.701e-05,5.711e-05,5.666e-05,5.697e-05,68284
1556305200,1556308799,5.692e-05,5.699e-05,5.649e-05,5.674e-05,59098
1556308800,1556312399,5.689e-05,5.709e-05,5.676e-05,5.706e-05,43557
1556312400,1556315999,5.705e-05,5.73e-05,5.695e-05,5.727e-05,85754
1556316000,1556319599,5.727e-05,5.733e-05,5.662e-05,5.667e-05,128407
1556319600,1556323199,5.68e-05,5.71e-05,5.677e-05,5.71e-05,41183
1556323200,1556326799,5.709e-05,5.757e-05,5.701e-05,5.715e-05,128366
1556326800,1556330399,5.715e-05,5.722e-05,5.7e-05,5.716e-05,26716
1556330400,1556333999,5.712e-05,5.715e-05,5.677e-05,5.684e-05,39373
1556334000,1556337599,5.687e-05,5.724e-05,5.667e-05,5.683e-05,171554
1556337600,1556341199,5.684e-05,5.696e-05,5.677e-05,5.696e-05,8698
1556341200,1556344799,5.697e-05,5.712e-05,5.692e-05,5.692e-05,58938
1556344800,1556348399,5.698e-05,5.698e-05,5.68e-05,5.687e-05,45539
1556348400,1556351999,5.681e-05,5.688e-05,5.669e-05,5.678e-05,2218
1556352000,1556355599,5.675e-05,5.686e-05,5.671e-05,5.68e-05,6883
1556355600,1556359199,5.674e-05,5.685e-05,5.66e-05,5.662e-05,13686
1556359200,1556362799,5.681e-05,5.683e-05,5.659e-05,5.671e-05,17220
1556362800,1556366399,5.676e-05,5.679e-05,5.657e-05,5.662e-05,16613
1556366400,1556369999,5.661e-05,5.667e-05,5.637e-05,5.666e-05,63017
1556370000,1556373599,5.661e-05,5.674e-05,5.648e-05,5.665e-05,22475
1556373600,1556377199,5.668e-05,5.668e-05,5.647e-05,5.661e-05,11088
1556377200,1556380799,5.66e-05,5.661e-05,5.633e-05,5.656e-05,31052
1556380800,1556384399,5.656e-05,5.656e-05,5.636e-05,5.649e-05,9609
1556384400,1556387999,5.649e-05,5.677e-05,5.642e-05,5.669e-05,17979
1556388000,1556391599,5.669e-05,5.669e-05,5.643e-05,5.66e-05,37174
1556391600,1556395199,5.665e-05,5.666e-05,5.626e-05,5.633e-05,40884
1556395200,1556398799,5.637e-05,5.64e-05,5.599e-05,5.611e-05,15136
1556398800,1556402399,5.609e-05,5.617e-05,5.571e-05,5.617e-05,77957
1556402400,1556405999,5.619e-05,5.623e-05,5.596e-05,5.623e-05,18333
1556406000,1556409599,5.62e-05,5.657e-05,5.615e-05,5.651e-05,9585
1556409600,1556413199,5.647e-05,5.672e-05,5.642e-05,5.656e-05,74527
1556413200,1556416799,5.653e-05,5.662e-05,5.646e-05,5.646e-05,9405
1556416800,1556420399,5.651e-05,5.654e-05,5.641e-05,5.647e-05,10695
1556420400,1556423999,5.647e-05,5.686e-05,5.646e-05,5.652e-05,56805
1556424000,1556427599,5.651e-05,5.7e-05,5.648e-05,5.677e-05,55298
1556427600,1556431199,5.676e-05,5.682e-05,5.656e-05,5.659e-05,12656
1556431200,1556434799,5.66e-05,5.664e-05,5.646e-05,5.655e-05,12951
1556434800,1556438399,5.651e-05,5.654e-05,5.639e-05,5.652e-05,32347
1556438400,1556441999,5.652e-05,5.655e-05,5.64e-05,5.643e-05,11736
1556442000,1556445599,5.644e-05,5.65e-05,5.634e-05,5.646e-05,2457
1556445600,1556449199,5.65e-05,5.66e-05,5.645e-05,5.653e-05,19313
1556449200,1556452799,5.67e-05,5.67e-05,5.638e-05,5.645e-05,14027
1556452800,1556456399,5.646e-05,5.654e-05,5.627e-05,5.642e-05,88673
1556456400,1556459999,5.638e-05,5.645e-05,5.617e-05,5.632e-05,8080
1556460000,1556463599,5.627e-05,5.643e-05,5.627e-05,5.637e-05,78876
1556463600,1556467199,5.626e-05,5.637e-05,5.606e-05,5.62e-05,27105
1556467200,1556470799,5.618e-05,5.62e-05,5.605e-05,5.615e-05,26081
1556470800,1556474399,5.616e-05,5.616e-05,5.594e-05,5.61e-05,20797
1556474400,1556477999,5.611e-05,5.62e-05,5.602e-05,5.608e-05,7807
1556478000,1556481599,5.609e-05,5.649e-05,5.608e-05,5.643e-05,34261
1556481600,1556485199,5.629e-05,5.636e-05,5.613e-05,5.636e-05,80418
1556485200,1556488799,5.629e-05,5.645e-05,5.607e-05,5.607e-05,24238
1556488800,1556492399,5.615e-05,5.644e-05,5.603e-05,5.644e-05,52252
1556492400,1556495999,5.644e-05,5.66e-05,5.637e-05,5.643e-05,33965
1556496000,1556499599,5.636e-05,5.672e-05,5.636e-05,5.641e-05,25033
1556499600,1556503199,5.645e-05,5.651e-05,5.641e-05,5.646e-05,29898
1556503200,1556506799,5.647e-05,5.648e-05,5.624e-05,5.634e-05,41125
1556506800,1556510399,5.634e-05,5.637e-05,5.623e-05,5.627e-05,14604
1556510400,1556513999,5.626e-05,5.633e-05,5.614e-05,5.633e-05,49478
1556514000,1556517599,5.633e-05,5.644e-05,5.62e-05,5.637e-05,2300
1556517600,1556521199,5.636e-05,5.663e-05,5.625e-05,5.638e-05,3387
1556521200,1556524799,5.638e-05,5.647e-05,5.627e-05,5.644e-05,6867
1556524800,1556528399,5.642e-05,5.642e-05,5.625e-05,5.631e-05,1642
1556528400,1556531999,5.631e-05,5.644e-05,5.617e-05,5.637e-05,44141
1556532000,1556535599,5.641e-05,5.659e-05,5.601e-05,5.632e-05,120763
1556535600,1556539199,5.627e-05,5.627e-05,5.605e-05,5.605e-05,2629
1556539200,1556542799,5.614e-05,5.617e-05,5.539e-05,5.579e-05,108543
1556542800,1556546399,5.574e-05,5.613e-05,5.57e-05,5.575e-05,86846
1556546400,1556549999,5.584e-05,5.607e-05,5.581e-05,5.583e-05,50204
1556550000,1556553599,5.582e-05,5.594e-05,5.578e-05,5.578e-05,40740
1556553600,1556557199,5.59e-05,5.593e-05,5.573e-05,5.593e-05,10154
1556557200,1556560799,5.593e-05,5.602e-05,5.584e-05,5.602e-05,6421
1556560800,1556564399,5.603e-05,5.611e-05,5.591e-05,5.607e-05,21122
1556564400,1556567999,5.607e-05,5.624e-05,5.597e-05,5.62e-05,20054
1556568000,1556571599,5.601e-05,5.618e-05,5.598e-05,5.609e-05,24867
1556571600,1556575199,5.609e-05,5.61e-05,5.587e-05,5.604e-05,89577
1556575200,1556578799,5.597e-05,5.604e-05,5.584e-05,5.59e-05,3603
1556578800,1556582399,5.591e-05,5.606e-05,5.582e-05,5.601e-05,33241
1556582400,1556585999,5.589e-05,5.614e-05,5.583e-05,5.612e-05,56886
1556586000,1556589599,5.599e-05,5.615e-05,5.587e-05,5.607e-05,55691
1556589600,1556593199,5.608e-05,5.612e-05,5.591e-05,5.61e-05,8893
1556593200,1556596799,5.613e-05,5.628e-05,5.606e-05,5.619e-05,3348
1556596800,1556600399,5.608e-05,5.622e-05,5.561e-05,5.62e-05,194237
1556600400,1556603999,5.617e-05,5.627e-05,5.603e-05,5.604e-05,17879
1556604000,1556607599,5.614e-05,5.616e-05,5.593e-05,5.595e-05,19841
1556607600,1556611199,5.607e-05,5.637e-05,5.607e-05,5.637e-05,5780
1556611200,1556614799,5.62e-05,5.629e-05,5.62e-05,5.625e-05,5784
1556614800,1556618399,5.622e-05,5.843e-05,5.621e-05,5.801e-05,245685
1556618400,1556621999,5.794e-05,5.94e-05,5.794e-05,5.803e-05,85121
1556622000,1556625599,5.817e-05,5.87e-05,5.775e-05,5.842e-05,165190
1556625600,1556629199,5.848e-05,5.848e-05,5.796e-05,5.805e-05,29782
1556629200,1556632799,5.8e-05,5.805e-05,5.727e-05,5.744e-05,176379
1556632800,1556636399,5.744e-05,5.776e-05,5.722e-05,5.77e-05,67271
1556636400,1556639999,5.761e-05,5.778e-05,5.726e-05,5.744e-05,69790
1556640000,1556643599,5.746e-05,5.792e-05,5.741e-05,5.781e-05,133984
1556643600,1556647199,5.792e-05,5.885e-05,5.776e-05,5.81e-05,101387
1556647200,1556650799,5.821e-05,5.846e-05,5.798e-05,5.826e-05,104031
1556650800,1556654399,5.823e-05,5.836e-05,5.808e-05,5.827e-05,25450
1556654400,1556657999,5.83e-05,5.88e-05,5.802e-05,5.83e-05,63674
1556658000,1556661599,5.844e-05,5.851e-05,5.811e-05,5.833e-05,102429
1556661600,1556665199,5.832e-05,5.838e-05,5.794e-05,5.828e-05,113547
1556665200,1556668799,5.819e-05,5.85e-05,5.737e-05,5.788e-05,197891
1556668800,1556672399,5.789e-05,5.81e-05,5.78e-05,5.794e-05,95077
1556672400,1556675999,5.794e-05,5.796e-05,5.769e-05,5.782e-05,24293
1556676000,1556679599,5.782e-05,5.803e-05,5.734e-05,5.741e-05,53440
1556679600,1556683199,5.739e-05,5.747e-05,5.709e-05,5.718e-05,98553
1556683200,1556686799,5.736e-05,5.766e-05,5.69e-05,5.724e-05,39247
1556686800,1556690399,5.722e-05,5.755e-05,5.715e-05,5.733e-05,65919
1556690400,1556693999,5.733e-05,5.733e-05,5.701e-05,5.719e-05,28439
1556694000,1556697599,5.723e-05,5.725e-05,5.706e-05,5.718e-05,2534
1556697600,1556701199,5.719e-05,5.719e-05,5.669e-05,5.684e-05,1769
1556701200,1556704799,5.687e-05,5.687e-05,5.641e-05,5.656e-05,72630
1556704800,1556708399,5.664e-05,5.68e-05,5.657e-05,5.68e-05,27683
1556708400,1556711999,5.67e-05,5.677e-05,5.647e-05,5.657e-05,31524
1556712000,1556715599,5.648e-05,5.657e-05,5.622e-05,5.635e-05,83230
1556715600,1556719199,5.632e-05,5.633e-05,5.607e-05,5.633e-05,60472
1556719200,1556722799,5.656e-05,5.687e-05,5.653e-05,5.658e-05,22174
1556722800,1556726399,5.648e-05,5.666e-05,5.64e-05,5.66e-05,40668
1556726400,1556729999,5.664e-05,5.669e-05,5.645e-05,5.661e-05,77435
1556730000,1556733599,5.661e-05,5.661e-05,5.637e-05,5.638e-05,129468
1556733600,1556737199,5.642e-05,5.658e-05,5.63e-05,5.633e-05,57433
1556737200,1556740799,5.632e-05,5.634e-05,5.608e-05,5.617e-05,35524
1556740800,1556744399,5.614e-05,5.639e-05,5.614e-05,5.634e-05,33049
1556744400,1556747999,5.635e-05,5.646e-05,5.611e-05,5.646e-05,158148
1556748000,1556751599,5.646e-05,5.649e-05,5.628e-05,5.63e-05,41048
1556751600,1556755199,5.636e-05,5.644e-05,5.623e-05,5.631e-05,22472
1556755200,1556758799,5.635e-05,5.637e-05,5.62e-05,5.626e-05,24427
1556758800,1556762399,5.622e-05,5.626e-05,5.611e-05,5.615e-05,65723
1556762400,1556765999,5.619e-05,5.62e-05,5.584e-05,5.592e-05,54990
1556766000,1556769599,5.592e-05,5.629e-05,5.585e-05,5.607e-05,13608
1556769600,1556773199,5.606e-05,5.615e-05,5.599e-05,5.606e-05,61441
1556773200,1556776799,5.606e-05,5.61e-05,5.6e-05,5.605e-05,33898
1556776800,1556780399,5.611e-05,5.63e-05,5.599e-05,5.624e-05,24534
1556780400,1556783999,5.627e-05,5.634e-05,5.599e-05,5.612e-05,124307
1556784000,1556787599,5.613e-05,5.613e-05,5.58e-05,5.59e-05,76431
1556787600,1556791199,5.591e-05,5.592e-05,5.576e-05,5.587e-05,9053
1556791200,1556794799,5.582e-05,5.589e-05,5.576e-05,5.585e-05,8860
1556794800,1556798399,5.578e-05,5.593e-05,5.578e-05,5.586e-05,5453
1556798400,1556801999,5.588e-05,5.588e-05,5.553e-05,5.561e-05,10533
1556802000,1556805599,5.556e-05,5.564e-05,5.538e-05,5.543e-05,56624
1556805600,1556809199,5.543e-05,5.543e-05,5.501e-05,5.502e-05,61942
1556809200,1556812799,5.503e-05,5.503e-05,5.475e-05,5.486e-05,118602
1556812800,1556816399,5.495e-05,5.529e-05,5.469e-05,5.497e-05,145276
1556816400,1556819999,5.498e-05,5.498e-05,5.483e-05,5.496e-05,13239
1556820000,1556823599,5.495e-05,5.503e-05,5.474e-05,5.485e-05,112072
1556823600,1556827199,5.485e-05,5.493e-05,5.45e-05,5.471e-05,160156
1556827200,1556830799,5.471e-05,5.491e-05,5.465e-05,5.483e-05,32441
1556830800,1556834399,5.48e-05,5.499e-05,5.48e-05,5.498e-05,13927
1556834400,1556837999,5.492e-05,5.508e-05,5.492e-05,5.499e-05,15384
1556838000,1556841599,5.497e-05,5.509e-05,5.497e-05,5.502e-05,28655
1556841600,1556845199,5.5e-05,5.515e-05,5.492e-05,5.492e-05,25135
1556845200,1556848799,5.493e-05,5.5e-05,5.478e-05,5.486e-05,50230
1556848800,1556852399,5.478e-05,5.486e-05,5.437e-05,5.441e-05,69925
1556852400,1556855999,5.44e-05,5.446e-05,5.416e-05,5.43e-05,38623
1556856000,1556859599,5.425e-05,5.445e-05,5.415e-05,5.424e-05,52304
1556859600,1556863199,5.425e-05,5.425e-05,5.401e-05,5.418e-05,101983
1556863200,1556866799,5.411e-05,5.427e-05,5.371e-05,5.405e-05,116420
1556866800,1556870399,5.406e-05,5.406e-05,5.289e-05,5.327e-05,76409
1556870400,1556873999,5.322e-05,5.365e-05,5.2e-05,5.258e-05,70782
1556874000,1556877599,5.234e-05,5.373e-05,5.232e-05,5.312e-05,169698
1556877600,1556881199,5.327e-05,5.371e-05,5.305e-05,5.37e-05,77229
1556881200,1556884799,5.369e-05,5.369e-05,5.328e-05,5.354e-05,43857
1556884800,1556888399,5.353e-05,5.355e-05,5.319e-05,5.346e-05,24748
1556888400,1556891999,5.349e-05,5.349e-05,5.303e-05,5.33e-05,84233
1556892000,1556895599,5.323e-05,5.331e-05,5.305e-05,5.313e-05,72862
1556895600,1556899199,5.32e-05,5.333e-05,5.285e-05,5.299e-05,272771
1556899200,1556902799,5.301e-05,5.327e-05,5.285e-05,5.321e-05,141506
1556902800,1556906399,5.323e-05,5.384e-05,5.314e-05,5.334e-05,229470
1556906400,1556909999,5.336e-05,5.338e-05,5.306e-05,5.306e-05,63792
1556910000,1556913599,5.313e-05,5.349e-05,5.313e-05,5.349e-05,72963
1556913600,1556917199,5.343e-05,5.343e-05,5.31e-05,5.336e-05,40200
1556917200,1556920799,5.334e-05,5.343e-05,5.317e-05,5.326e-05,74254
1556920800,1556924399,5.325e-05,5.353e-05,5.316e-05,5.349e-05,27849
1556924400,1556927999,5.345e-05,5.347e-05,5.312e-05,5.335e-05,78657
1556928000,1556931599,5.34e-05,5.362e-05,5.302e-05,5.319e-05,182156
1556931600,1556935199,5.318e-05,5.322e-05,5.266e-05,5.28e-05,76133
1556935200,1556938799,5.275e-05,5.396e-05,5.266e-05,5.354e-05,119588
1556938800,1556942399,5.363e-05,5.369e-05,5.302e-05,5.311e-05,48454
1556942400,1556945999,5.308e-05,5.315e-05,5.281e-05,5.281e-05,20481
1556946000,1556949599,5.285e-05,5.302e-05,5.278e-05,5.288e-05,39591
1556949600,1556953199,5.287e-05,5.3e-05,5.287e-05,5.294e-05,7053
1556953200,1556956799,5.288e-05,5.291e-05,5.253e-05,5.26e-05,28057
1556956800,1556960399,5.26e-05,5.273e-05,5.258e-05,5.266e-05,8104
1556960400,1556963999,5.258e-05,5.258e-05,5.236e-05,5.237e-05,21883
1556964000,1556967599,5.241e-05,5.251e-05,5.235e-05,5.248e-05,8732
1556967600,1556971199,5.247e-05,5.259e-05,5.229e-05,5.251e-05,85219
1556971200,1556974799,5.251e-05,5.26e-05,5.237e-05,5.237e-05,109939
1556974800,1556978399,5.237e-05,5.323e-05,5.234e-05,5.311e-05,154599
1556978400,1556981999,5.311e-05,5.349e-05,5.307e-05,5.333e-05,81304
1556982000,1556985599,5.336e-05,5.346e-05,5.31e-05,5.338e-05,15258
1556985600,1556989199,5.339e-05,5.353e-05,5.324e-05,5.35e-05,81330
1556989200,1556992799,5.349e-05,5.358e-05,5.333e-05,5.334e-05,28492
1556992800,1556996399,5.334e-05,5.343e-05,5.33e-05,5.338e-05,35203
1556996400,1556999999,5.338e-05,5.338e-05,5.307e-05,5.316e-05,19056
1557000000,1557003599,5.315e-05,5.315e-05,5.26e-05,5.264e-05,19635
1557003600,1557007199,5.258e-05,5.264e-05,5.165e-05,5.212e-05,261458
1557007200,1557010799,5.221e-05,5.226e-05,5.162e-05,5.182e-05,193381
1557010800,1557014399,5.185e-05,5.208e-05,5.17e-05,5.189e-05,87716
1557014400,1557017999,5.187e-05,5.242e-05,5.183e-05,5.205e-05,52946
1557018000,1557021599,5.214e-05,5.244e-05,5.212e-05,5.23e-05,56636
1557021600,1557025199,5.228e-05,5.233e-05,5.202e-05,5.226e-05,77982
1557025200,1557028799,5.222e-05,5.222e-05,5.202e-05,5.206e-05,19659
1557028800,1557032399,5.208e-05,5.243e-05,5.206e-05,5.233e-05,70600
1557032400,1557035999,5.234e-05,5.234e-05,5.214e-05,5.219e-05,6448
1557036000,1557039599,5.21e-05,5.25e-05,5.208e-05,5.222e-05,14592
1557039600,1557043199,5.218e-05,5.248e-05,5.215e-05,5.228e-05,31164
1557043200,1557046799,5.236e-05,5.244e-05,5.23e-05,5.234e-05,35913
1557046800,1557050399,5.232e-05,5.232e-05,5.217e-05,5.232e-05,6343
1557050400,1557053999,5.232e-05,5.234e-05,5.212e-05,5.212e-05,25612
1557054000,1557057599,5.211e-05,5.218e-05,5.206e-05,5.214e-05,6240
1557057600,1557061199,5.209e-05,5.211e-05,5.183e-05,5.198e-05,6002
1557061200,1557064799,5.197e-05,5.209e-05,5.183e-05,5.199e-05,65698
1557064800,1557068399,5.197e-05,5.232e-05,5.192e-05,5.196e-05,117310
1557068400,1557071999,5.194e-05,5.224e-05,5.191e-05,5.223e-05,14334
1557072000,1557075599,5.223e-05,5.238e-05,5.204e-05,5.214e-05,17016
1557075600,1557079199,5.214e-05,5.228e-05,5.206e-05,5.219e-05,66256
1557079200,1557082799,5.223e-05,5.239e-05,5.2e-05,5.2e-05,17581
1557082800,1557086399,5.204e-05,5.215e-05,5.194e-05,5.205e-05,88604
1557086400,1557089999,5.207e-05,5.207e-05,5.179e-05,5.188e-05,31462
1557090000,1557093599,5.184e-05,5.203e-05,5.169e-05,5.193e-05,32078
1557093600,1557097199,5.193e-05,5.212e-05,5.188e-05,5.203e-05,38924
1557097200,1557100799,5.203e-05,5.21e-05,5.176e-05,5.204e-05,17816
1557100800,1557104399,5.199e-05,5.233e-05,5.199e-05,5.217e-05,21913
1557104400,1557107999,5.219e-05,5.269e-05,5.219e-05,5.241e-05,59203
1557108000,1557111599,5.241e-05,5.241e-05,5.219e-05,5.235e-05,123557
1557111600,1557115199,5.24e-05,5.248e-05,5.213e-05,5.218e-05,25125
1557115200,1557118799,5.222e-05,5.244e-05,5.196e-05,5.205e-05,57950
1557118800,1557122399,5.205e-05,5.222e-05,5.202e-05,5.218e-05,11931
1557122400,1557125999,5.218e-05,5.243e-05,5.214e-05,5.238e-05,6124
1557126000,1557129599,5.223e-05,5.241e-05,5.217e-05,5.24e-05,13877
1557129600,1557133199,5.24e-05,5.24e-05,5.22e-05,5.231e-05,5450
1557133200,1557136799,5.232e-05,5.279e-05,5.226e-05,5.26e-05,129700
1557136800,1557140399,5.263e-05,5.275e-05,5.252e-05,5.259e-05,6271
1557140400,1557143999,5.26e-05,5.26e-05,5.241e-05,5.26e-05,58432
1557144000,1557147599,5.26e-05,5.266e-05,5.243e-05,5.243e-05,18707
1557147600,1557151199,5.251e-05,5.252e-05,5.225e-05,5.23e-05,63619
1557151200,1557154799,5.234e-05,5.33e-05,5.22e-05,5.281e-05,87784
1557154800,1557158399,5.276e-05,5.284e-05,5.268e-05,5.28e-05,88373
1557158400,1557161999,5.284e-05,5.324e-05,5.269e-05,5.305e-05,112593
1557162000,1557165599,5.3e-05,5.325e-05,5.277e-05,5.294e-05,57441
1557165600,1557169199,5.3e-05,5.301e-05,5.252e-05,5.257e-05,33475
1557169200,1557172799,5.255e-05,5.265e-05,5.241e-05,5.25e-05,36916
1557172800,1557176399,5.249e-05,5.287e-05,5.246e-05,5.265e-05,41597
1557176400,1557179999,5.273e-05,5.29e-05,5.264e-05,5.29e-05,108428
1557180000,1557183599,5.285e-05,5.292e-05,5.272e-05,5.282e-05,94156
1557183600,1557187199,5.282e-05,5.285e-05,5.265e-05,5.269e-05,74839
1557187200,1557190799,5.267e-05,5.284e-05,5.255e-05,5.28e-05,167691
1557190800,1557194399,5.275e-05,5.275e-05,5.226e-05,5.24e-05,44079
1557194400,1557197999,5.241e-05,5.248e-05,5.13e-05,5.13e-05,113894
1557198000,1557201599,5.12e-05,5.152e-05,5.081e-05,5.141e-05,104848
1557201600,1557205199,5.148e-05,5.151e-05,5.119e-05,5.129e-05,107291
1557205200,1557208799,5.136e-05,5.136e-05,5.114e-05,5.127e-05,56941
1557208800,1557212399,5.131e-05,5.136e-05,5.12e-05,5.129e-05,42137
1557212400,1557215999,5.141e-05,5.153e-05,5.128e-05,5.134e-05,46096
1557216000,1557219599,5.14e-05,5.142e-05,5.125e-05,5.126e-05,19751
1557219600,1557223199,5.13e-05,5.132e-05,5.096e-05,5.106e-05,126179
1557223200,1557226799,5.106e-05,5.108e-05,5.086e-05,5.098e-05,172292
1557226800,1557230399,5.099e-05,5.109e-05,5.091e-05,5.096e-05,90469
1557230400,1557233999,5.096e-05,5.096e-05,5.074e-05,5.085e-05,43138
1557234000,1557237599,5.077e-05,5.102e-05,5.071e-05,5.078e-05,55667
1557237600,1557241199,5.067e-05,5.109e-05,5.054e-05,5.106e-05,177575
1557241200,1557244799,5.099e-05,5.108e-05,5.081e-05,5.081e-05,158906
1557244800,1557248399,5.081e-05,5.081e-05,5.045e-05,5.054e-05,144037
1557248400,1557251999,5.046e-05,5.053e-05,5.017e-05,5.021e-05,71166
1557252000,1557255599,5.029e-05,5.053e-05,5.02e-05,5.042e-05,54479
1557255600,1557259199,5.04e-05,5.089e-05,5.04e-05,5.058e-05,331116
1557259200,1557262799,5.057e-05,5.076e-05,5.051e-05,5.067e-05,90370
1557262800,1557266399,5.067e-05,5.082e-05,5.065e-05,5.069e-05,77255
1557266400,1557269999,5.068e-05,5.068e-05,5.04e-05,5.049e-05,37357
1557270000,1557273599,5.045e-05,5.113e-05,5.043e-05,5.098e-05,239297
1557273600,1557277199,5.105e-05,5.138e-05,5.065e-05,5.09e-05,125462
1557277200,1557280799,5.092e-05,5.094e-05,5.066e-05,5.094e-05,120883
1557280800,1557284399,5.105e-05,5.106e-05,5.085e-05,5.102e-05,97121
1557284400,1557287999,5.091e-05,5.111e-05,5.088e-05,5.098e-05,53685
1557288000,1557291599,5.096e-05,5.096e-05,5.07e-05,5.08e-05,31812
1557291600,1557295199,5.08e-05,5.102e-05,5.079e-05,5.102e-05,20906
1557295200,1557298799,5.102e-05,5.12e-05,5.078e-05,5.078e-05,34925
1557298800,1557302399,5.086e-05,5.086e-05,5.066e-05,5.081e-05,35720
1557302400,1557305999,5.087e-05,5.095e-05,5.071e-05,5.095e-05,20411
1557306000,1557309599,5.088e-05,5.088e-05,5.074e-05,5.077e-05,2646
1557309600,1557313199,5.088e-05,5.088e-05,5.053e-05,5.054e-05,28153
1557313200,1557316799,5.059e-05,5.101e-05,5.057e-05,5.081e-05,7997
1557316800,1557320399,5.076e-05,5.098e-05,5.063e-05,5.098e-05,73801
1557320400,1557323999,5.09e-05,5.091e-05,5.073e-05,5.074e-05,60578
1557324000,1557327599,5.08e-05,5.086e-05,5.067e-05,5.068e-05,19185
1557327600,1557331199,5.068e-05,5.069e-05,5.037e-05,5.055e-05,54879
1557331200,1557334799,5.051e-05,5.072e-05,5.036e-05,5.068e-05,37569
1557334800,1557338399,5.061e-05,5.095e-05,5.058e-05,5.095e-05,35440
1557338400,1557341999,5.063e-05,5.074e-05,5.059e-05,5.07e-05,80122
1557342000,1557345599,5.062e-05,5.069e-05,5.046e-05,5.047e-05,50180
1557345600,1557349199,5.058e-05,5.073e-05,5.056e-05,5.059e-05,38134
1557349200,1557352799,5.066e-05,5.067e-05,5.04e-05,5.046e-05,58596
1557352800,1557356399,5.039e-05,5.057e-05,5.004e-05,5.013e-05,50741
1557356400,1557359999,5.017e-05,5.036e-05,5.001e-05,5.001e-05,133555
1557360000,1557363599,5.003e-05,5.003e-05,4.941e-05,4.944e-05,187900
1557363600,1557367199,4.94e-05,4.97e-05,4.908e-05,4.944e-05,222806
1557367200,1557370799,4.947e-05,4.951e-05,4.92e-05,4.935e-05,146875
1557370800,1557374399,4.936e-05,4.946e-05,4.921e-05,4.932e-05,256584
1557374400,1557377999,4.937e-05,4.941e-05,4.913e-05,4.913e-05,36957
1557378000,1557381599,4.908e-05,4.915e-05,4.886e-05,4.904e-05,110848
1557381600,1557385199,4.904e-05,4.914e-05,4.88e-05,4.881e-05,99091
1557385200,1557388799,4.885e-05,4.899e-05,4.864e-05,4.899e-05,143695
1557388800,1557392399,4.889e-05,4.91e-05,4.884e-05,4.91e-05,62821
1557392400,1557395999,4.908e-05,4.921e-05,4.898e-05,4.913e-05,46227
1557396000,1557399599,4.903e-05,4.907e-05,4.894e-05,4.904e-05,23074
1557399600,1557403199,4.906e-05,4.916e-05,4.892e-05,4.893e-05,52960
1557403200,1557406799,4.908e-05,4.916e-05,4.887e-05,4.904e-05,96117
1557406800,1557410399,4.904e-05,4.933e-05,4.901e-05,4.914e-05,179211
1557410400,1557413999,4.914e-05,4.934e-05,4.913e-05,4.926e-05,102926
1557414000,1557417599,4.917e-05,4.928e-05,4.901e-05,4.907e-05,137110
1557417600,1557421199,4.907e-05,4.913e-05,4.842e-05,4.858e-05,143493
1557421200,1557424799,4.86e-05,4.868e-05,4.817e-05,4.827e-05,277595
1557424800,1557428399,4.821e-05,4.829e-05,4.778e-05,4.822e-05,335415
1557428400,1557431999,4.821e-05,4.828e-05,4.81e-05,4.824e-05,155555
1557432000,1557435599,4.824e-05,4.833e-05,4.796e-05,4.796e-05,87599
1557435600,1557439199,4.797e-05,4.82e-05,4.779e-05,4.791e-05,225161
1557439200,1557442799,4.809e-05,4.809e-05,4.716e-05,4.751e-05,249825
1557442800,1557446399,4.754e-05,4.8e-05,4.754e-05,4.763e-05,242850
1557446400,1557449999,4.761e-05,4.774e-05,4.731e-05,4.766e-05,171563
1557450000,1557453599,4.763e-05,4.775e-05,4.743e-05,4.743e-05,231810
1557453600,1557457199,4.741e-05,4.774e-05,4.659e-05,4.678e-05,555291
1557457200,1557460799,4.682e-05,4.696e-05,4.571e-05,4.651e-05,607283
1557460800,1557464399,4.64e-05,4.845e-05,4.64e-05,4.72e-05,472146
1557464400,1557467999,4.727e-05,4.772e-05,4.726e-05,4.755e-05,202106
1557468000,1557471599,4.755e-05,4.797e-05,4.751e-05,4.751e-05,213391
1557471600,1557475199,4.751e-05,4.757e-05,4.68e-05,4.696e-05,67307
1557475200,1557478799,4.702e-05,4.737e-05,4.686e-05,4.705e-05,104918
1557478800,1557482399,4.708e-05,4.737e-05,4.704e-05,4.731e-05,60116
1557482400,1557485999,4.731e-05,4.742e-05,4.716e-05,4.737e-05,55902
1557486000,1557489599,4.738e-05,4.744e-05,4.715e-05,4.72e-05,76165
1557489600,1557493199,4.72e-05,4.749e-05,4.698e-05,4.703e-05,361987
1557493200,1557496799,4.71e-05,4.72e-05,4.703e-05,4.707e-05,147976
1557496800,1557500399,4.716e-05,4.753e-05,4.709e-05,4.745e-05,173274
1557500400,1557503999,4.747e-05,4.749e-05,4.694e-05,4.698e-05,254716
1557504000,1557507599,4.708e-05,4.714e-05,4.622e-05,4.66e-05,384476
1557507600,1557511199,4.655e-05,4.682e-05,4.636e-05,4.649e-05,216685
1557511200,1557514799,4.656e-05,4.664e-05,4.633e-05,4.646e-05,237296
1557514800,1557518399,4.643e-05,4.672e-05,4.643e-05,4.672e-05,43491
1557518400,1557521999,4.668e-05,4.74e-05,4.666e-05,4.715e-05,82614
1557522000,1557525599,4.715e-05,4.725e-05,4.671e-05,4.692e-05,195562
1557525600,1557529199,4.692e-05,4.698e-05,4.647e-05,4.658e-05,125756
1557529200,1557532799,4.653e-05,4.695e-05,4.648e-05,4.686e-05,157913
1557532800,1557536399,4.686e-05,4.693e-05,4.654e-05,4.677e-05,69148
1557536400,1557539999,4.671e-05,4.676e-05,4.604e-05,4.611e-05,356714
1557540000,1557543599,4.61e-05,4.631e-05,4.579e-05,4.579e-05,120896
1557543600,1557547199,4.577e-05,4.617e-05,4.536e-05,4.592e-05,486798
1557547200,1557550799,4.595e-05,4.618e-05,4.408e-05,4.457e-05,397300
1557550800,1557554399,4.458e-05,4.496e-05,4.441e-05,4.473e-05,600199
1557554400,1557557999,4.459e-05,4.473e-05,4.321e-05,4.412e-05,697753
1557558000,1557561599,4.432e-05,4.453e-05,4.396e-05,4.433e-05,167899
1557561600,1557565199,4.426e-05,4.63e-05,4.426e-05,4.592e-05,345313
1557565200,1557568799,4.592e-05,4.659e-05,4.557e-05,4.579e-05,98072
1557568800,1557572399,4.579e-05,4.669e-05,4.546e-05,4.626e-05,402336
1557572400,1557575999,4.626e-05,4.665e-05,4.578e-05,4.6e-05,175815
1557576000,1557579599,4.599e-05,4.627e-05,4.581e-05,4.61e-05,513015
1557579600,1557583199,4.606e-05,4.636e-05,4.599e-05,4.626e-05,434113
1557583200,1557586799,4.625e-05,4.823e-05,4.591e-05,4.823e-05,1112391
1557586800,1557590399,4.817e-05,4.859e-05,4.666e-05,4.684e-05,1022247
1557590400,1557593999,4.678e-05,4.68e-05,4.6e-05,4.636e-05,339088
1557594000,1557597599,4.646e-05,4.785e-05,4.635e-05,4.774e-05,501873
1557597600,1557601199,4.774e-05,4.812e-05,4.663e-05,4.785e-05,670853
1557601200,1557604799,4.789e-05,4.796e-05,4.664e-05,4.71e-05,696062
1557604800,1557608399,4.71e-05,4.736e-05,4.694e-05,4.714e-05,196887
1557608400,1557611999,4.723e-05,4.747e-05,4.621e-05,4.634e-05,284049
1557612000,1557615599,4.638e-05,4.704e-05,4.469e-05,4.692e-05,761988
1557615600,1557619199,4.702e-05,4.713e-05,4.455e-05,4.491e-05,771872
1557619200,1557622799,4.483e-05,4.5e-05,4.368e-05,4.411e-05,943664
1557622800,1557626399,4.412e-05,4.469e-05,4.409e-05,4.429e-05,325848
1557626400,1557629999,4.419e-05,4.425e-05,4.356e-05,4.388e-05,266203
1557630000,1557633599,4.378e-05,4.418e-05,4.368e-05,4.414e-05,124123
1557633600,1557637199,4.414e-05,4.44e-05,4.401e-05,4.429e-05,132483
1557637200,1557640799,4.424e-05,4.457e-05,4.396e-05,4.42e-05,226459
1557640800,1557644399,4.41e-05,4.418e-05,4.35e-05,4.359e-05,91047
1557644400,1557647999,4.37e-05,4.4e-05,4.337e-05,4.355e-05,202835
1557648000,1557651599,4.341e-05,4.427e-05,4.325e-05,4.342e-05,564425
1557651600,1557655199,4.337e-05,4.355e-05,4.251e-05,4.317e-05,299421
1557655200,1557658799,4.326e-05,4.328e-05,4.287e-05,4.315e-05,169022
1557658800,1557662399,4.314e-05,4.424e-05,4.308e-05,4.362e-05,245950
1557662400,1557665999,4.363e-05,4.416e-05,4.354e-05,4.378e-05,202572
1557666000,1557669599,4.368e-05,4.407e-05,4.35e-05,4.391e-05,121976
1557669600,1557673199,4.398e-05,4.429e-05,4.359e-05,4.421e-05,196330
1557673200,1557676799,4.424e-05,4.522e-05,4.401e-05,4.487e-05,524365
1557676800,1557680399,4.48e-05,4.539e-05,4.44e-05,4.514e-05,570650
1557680400,1557683999,4.506e-05,4.506e-05,4.451e-05,4.498e-05,237487
1557684000,1557687599,4.491e-05,4.494e-05,4.384e-05,4.384e-05,242151
1557687600,1557691199,4.394e-05,4.452e-05,4.386e-05,4.432e-05,128622
1557691200,1557694799,4.428e-05,4.437e-05,4.353e-05,4.353e-05,260424
1557694800,1557698399,4.353e-05,4.417e-05,4.353e-05,4.384e-05,266583
1557698400,1557701999,4.376e-05,4.475e-05,4.374e-05,4.44e-05,164500
1557702000,1557705599,4.447e-05,4.489e-05,4.439e-05,4.451e-05,63396
1557705600,1557709199,4.454e-05,4.639e-05,4.454e-05,4.586e-05,510273
1557709200,1557712799,4.578e-05,4.578e-05,4.497e-05,4.516e-05,276580
1557712800,1557716399,4.514e-05,4.567e-05,4.505e-05,4.525e-05,252021
1557716400,1557719999,4.532e-05,4.587e-05,4.512e-05,4.576e-05,108128
1557720000,1557723599,4.578e-05,4.645e-05,4.541e-05,4.605e-05,367503
1557723600,1557727199,4.581e-05,4.587e-05,4.536e-05,4.563e-05,115156
1557727200,1557730799,4.568e-05,4.593e-05,4.552e-05,4.557e-05,72892
1557730800,1557734399,4.55e-05,4.553e-05,4.501e-05,4.507e-05,138678
1557734400,1557737999,4.517e-05,4.522e-05,4.501e-05,4.52e-05,20567
1557738000,1557741599,4.516e-05,4.522e-05,4.491e-05,4.506e-05,36939
1557741600,1557745199,4.507e-05,4.521e-05,4.492e-05,4.5e-05,240418
1557745200,1557748799,4.493e-05,4.524e-05,4.395e-05,4.439e-05,217851
1557748800,1557752399,4.435e-05,4.439e-05,4.372e-05,4.376e-05,227822
1557752400,1557755999,4.377e-05,4.44e-05,4.333e-05,4.389e-05,281813
1557756000,1557759599,4.396e-05,4.396e-05,4.307e-05,4.31e-05,576004
1557759600,1557763199,4.311e-05,4.328e-05,4.127e-05,4.182e-05,1154947
1557763200,1557766799,4.189e-05,4.208e-05,4.141e-05,4.168e-05,1650487
1557766800,1557770399,4.159e-05,4.195e-05,4.121e-05,4.195e-05,422783
1557770400,1557773999,4.196e-05,4.236e-05,4.166e-05,4.18e-05,1063433
1557774000,1557777599,4.17e-05,4.213e-05,4.158e-05,4.163e-05,618472
1557777600,1557781199,4.185e-05,4.207e-05,4.15e-05,4.169e-05,430642
1557781200,1557784799,4.163e-05,4.163e-05,4.031e-05,4.077e-05,515481
1557784800,1557788399,4.084e-05,4.138e-05,4.041e-05,4.118e-05,500386
1557788400,1557791999,4.105e-05,4.22e-05,4.105e-05,4.157e-05,910238
1557792000,1557795599,4.151e-05,4.158e-05,4.048e-05,4.124e-05,705872
1557795600,1557799199,4.124e-05,4.446e-05,4.098e-05,4.38e-05,1865046
1557799200,1557802799,4.406e-05,4.779e-05,4.347e-05,4.714e-05,2053016
1557802800,1557806399,4.713e-05,4.774e-05,4.491e-05,4.63e-05,1550118
1557806400,1557809999,4.625e-05,5e-05,4.625e-05,4.939e-05,2120975
1557810000,1557813599,4.938e-05,5.045e-05,4.832e-05,4.889e-05,1676314
1557813600,1557817199,4.894e-05,4.944e-05,4.791e-05,4.793e-05,662695
1557817200,1557820799,4.79e-05,4.854e-05,4.654e-05,4.701e-05,1324262
1557820800,1557824399,4.698e-05,4.76e-05,4.576e-05,4.645e-05,627690
1557824400,1557827999,4.645e-05,4.723e-05,4.578e-05,4.703e-05,787284
1557828000,1557831599,4.692e-05,4.775e-05,4.631e-05,4.736e-05,686927
1557831600,1557835199,4.754e-05,4.791e-05,4.704e-05,4.773e-05,751837
1557835200,1557838799,4.757e-05,4.783e-05,4.678e-05,4.753e-05,588930
1557838800,1557842399,4.756e-05,4.81e-05,4.688e-05,4.787e-05,406213
1557842400,1557845999,4.801e-05,5.272e-05,4.801e-05,5.201e-05,2957471
1557846000,1557849599,5.191e-05,5.247e-05,4.921e-05,4.963e-05,2530618
1557849600,1557853199,4.96e-05,5.128e-05,4.835e-05,5.076e-05,2062763
1557853200,1557856799,5.067e-05,5.067e-05,4.976e-05,5.038e-05,681889
1557856800,1557860399,5.038e-05,5.038e-05,4.926e-05,4.971e-05,796360
1557860400,1557863999,4.97e-05,5.093e-05,4.909e-05,5.093e-05,1119312
1557864000,1557867599,5.096e-05,5.241e-05,5.001e-05,5.063e-05,1310211
1557867600,1557871199,5.044e-05,5.13e-05,4.984e-05,5.094e-05,777275
1557871200,1557874799,5.085e-05,5.138e-05,4.972e-05,5.009e-05,583128
1557874800,1557878399,4.999e-05,5.178e-05,4.967e-05,5.119e-05,947683
1557878400,1557881999,5.102e-05,5.369e-05,5.056e-05,5.353e-05,1559373
1557882000,1557885599,5.353e-05,5.612e-05,5.344e-05,5.452e-05,2851110
1557885600,1557889199,5.446e-05,5.474e-05,5.306e-05,5.422e-05,1201840
1557889200,1557892799,5.421e-05,5.449e-05,5.371e-05,5.408e-05,927570
1557892800,1557896399,5.397e-05,5.416e-05,5.309e-05,5.325e-05,533972
1557896400,1557899999,5.325e-05,5.439e-05,5.305e-05,5.393e-05,553204
1557900000,1557903599,5.398e-05,5.439e-05,5.313e-05,5.316e-05,517394
1557903600,1557907199,5.314e-05,5.368e-05,5.248e-05,5.321e-05,378461
1557907200,1557910799,5.326e-05,5.374e-05,5.276e-05,5.311e-05,273715
1557910800,1557914399,5.324e-05,5.466e-05,5.318e-05,5.383e-05,330430
1557914400,1557917999,5.376e-05,5.447e-05,5.347e-05,5.41e-05,460587
1557918000,1557921599,5.413e-05,5.46e-05,5.352e-05,5.381e-05,266260
1557921600,1557925199,5.381e-05,5.403e-05,5.303e-05,5.361e-05,276612
1557925200,1557928799,5.349e-05,5.392e-05,5.292e-05,5.308e-05,406064
1557928800,1557932399,5.307e-05,5.318e-05,5.241e-05,5.301e-05,499765
1557932400,1557935999,5.313e-05,5.433e-05,5.281e-05,5.383e-05,751056
1557936000,1557939599,5.388e-05,5.487e-05,5.326e-05,5.448e-05,1120392
1557939600,1557943199,5.445e-05,5.522e-05,5.384e-05,5.384e-05,1064929
1557943200,1557946799,5.38e-05,5.445e-05,5.236e-05,5.262e-05,828248
1557946800,1557950399,5.251e-05,5.347e-05,5.233e-05,5.29e-05,521292
1557950400,1557953999,5.297e-05,5.345e-05,5.251e-05,5.329e-05,605104
1557954000,1557957599,5.319e-05,5.4e-05,5.314e-05,5.395e-05,460994
1557957600,1557961199,5.393e-05,5.9e-05,5.385e-05,5.657e-05,2028153
1557961200,1557964799,5.659e-05,5.731e-05,5.576e-05,5.607e-05,1133384
1557964800,1557968399,5.602e-05,5.665e-05,5.52e-05,5.575e-05,1174118
1557968400,1557971999,5.577e-05,5.82e-05,5.539e-05,5.709e-05,1018249
1557972000,1557975599,5.715e-05,5.773e-05,5.675e-05,5.739e-05,1202961
1557975600,1557979199,5.741e-05,5.791e-05,5.635e-05,5.663e-05,1189947
1557979200,1557982799,5.663e-05,5.677e-05,5.477e-05,5.578e-05,2717225
1557982800,1557986399,5.579e-05,5.609e-05,5.501e-05,5.545e-05,633505
1557986400,1557989999,5.53e-05,5.634e-05,5.506e-05,5.597e-05,342206
1557990000,1557993599,5.6e-05,5.627e-05,5.544e-05,5.568e-05,300082
1557993600,1557997199,5.567e-05,5.567e-05,5.486e-05,5.516e-05,390160
1557997200,1558000799,5.527e-05,5.538e-05,5.03e-05,5.103e-05,1008073
1558000800,1558004399,5.138e-05,5.274e-05,5.125e-05,5.231e-05,833411
1558004400,1558007999,5.242e-05,5.328e-05,5.228e-05,5.251e-05,573191
1558008000,1558011599,5.258e-05,5.374e-05,5.09e-05,5.113e-05,1188880
1558011600,1558015199,5.115e-05,5.267e-05,5.115e-05,5.259e-05,869802
1558015200,1558018799,5.261e-05,5.369e-05,5.249e-05,5.313e-05,482060
1558018800,1558022399,5.318e-05,5.467e-05,5.282e-05,5.467e-05,581154
1558022400,1558025999,5.466e-05,5.518e-05,5.316e-05,5.32e-05,753018
1558026000,1558029599,5.327e-05,5.342e-05,5.199e-05,5.303e-05,530069
1558029600,1558033199,5.311e-05,5.348e-05,5.258e-05,5.29e-05,304243
1558033200,1558036799,5.294e-05,5.317e-05,5.201e-05,5.288e-05,256046
1558036800,1558040399,5.298e-05,5.311e-05,5.208e-05,5.213e-05,191944
1558040400,1558043999,5.218e-05,5.35e-05,5.218e-05,5.334e-05,313901
1558044000,1558047599,5.344e-05,5.398e-05,5.299e-05,5.308e-05,369605
1558047600,1558051199,5.302e-05,5.329e-05,5.258e-05,5.315e-05,159491
1558051200,1558054799,5.328e-05,5.347e-05,5.248e-05,5.248e-05,347646
1558054800,1558058399,5.251e-05,5.256e-05,5.151e-05,5.193e-05,391114
1558058400,1558061999,5.185e-05,5.216e-05,5.031e-05,5.133e-05,880210
1558062000,1558065599,5.134e-05,5.395e-05,5.134e-05,5.328e-05,2540718
1558065600,1558069199,5.327e-05,5.36e-05,5.232e-05,5.27e-05,981906
1558069200,1558072799,5.274e-05,5.349e-05,5.23e-05,5.243e-05,642046
1558072800,1558076399,5.262e-05,5.306e-05,5.176e-05,5.211e-05,694390
1558076400,1558079999,5.212e-05,5.239e-05,5.2e-05,5.235e-05,136535
1558080000,1558083599,5.222e-05,5.244e-05,5.193e-05,5.223e-05,173748
1558083600,1558087199,5.228e-05,5.245e-05,5.213e-05,5.237e-05,95514
1558087200,1558090799,5.217e-05,5.219e-05,5.139e-05,5.185e-05,238979
1558090800,1558094399,5.17e-05,5.182e-05,5.083e-05,5.144e-05,440944
1558094400,1558097999,5.144e-05,5.249e-05,5.132e-05,5.238e-05,708670
1558098000,1558101599,5.235e-05,5.323e-05,5.232e-05,5.28e-05,250213
1558101600,1558105199,5.283e-05,5.292e-05,5.195e-05,5.206e-05,159992
1558105200,1558108799,5.208e-05,5.228e-05,5.177e-05,5.201e-05,184951
1558108800,1558112399,5.204e-05,5.277e-05,5.19e-05,5.251e-05,216544
1558112400,1558115999,5.243e-05,5.323e-05,5.215e-05,5.226e-05,353305
1558116000,1558119599,5.233e-05,5.244e-05,5.206e-05,5.224e-05,90885
1558119600,1558123199,5.22e-05,5.237e-05,5.198e-05,5.206e-05,303541
1558123200,1558126799,5.207e-05,5.235e-05,5.2e-05,5.217e-05,86177
1558126800,1558130399,5.222e-05,5.316e-05,5.199e-05,5.309e-05,225122
1558130400,1558133999,5.305e-05,5.33e-05,5.221e-05,5.275e-05,374254
1558134000,1558137599,5.281e-05,5.323e-05,5.249e-05,5.282e-05,175790
1558137600,1558141199,5.294e-05,5.349e-05,5.225e-05,5.25e-05,322055
1558141200,1558144799,5.258e-05,5.324e-05,5.183e-05,5.215e-05,571770
1558144800,1558148399,5.213e-05,5.23e-05,5.181e-05,5.23e-05,154906
1558148400,1558151999,5.23e-05,5.281e-05,5.226e-05,5.246e-05,207879
1558152000,1558155599,5.241e-05,5.252e-05,5.187e-05,5.188e-05,101846
1558155600,1558159199,5.181e-05,5.21e-05,5.156e-05,5.174e-05,145866
1558159200,1558162799,5.173e-05,5.185e-05,5.126e-05,5.145e-05,126254
1558162800,1558166399,5.149e-05,5.167e-05,5.108e-05,5.114e-05,179666
1558166400,1558169999,5.128e-05,5.136e-05,5.03e-05,5.094e-05,216485
1558170000,1558173599,5.101e-05,5.103e-05,5.025e-05,5.094e-05,167966
1558173600,1558177199,5.08e-05,5.16e-05,5.067e-05,5.122e-05,58388
1558177200,1558180799,5.115e-05,5.126e-05,5.083e-05,5.111e-05,150417
1558180800,1558184399,5.097e-05,5.173e-05,5.071e-05,5.096e-05,232799
1558184400,1558187999,5.09e-05,5.124e-05,5.063e-05,5.114e-05,118011
1558188000,1558191599,5.109e-05,5.118e-05,5.094e-05,5.117e-05,168276
1558191600,1558195199,5.109e-05,5.165e-05,5.09e-05,5.128e-05,206176
1558195200,1558198799,5.128e-05,5.172e-05,5.096e-05,5.122e-05,182258
1558198800,1558202399,5.114e-05,5.197e-05,5.091e-05,5.111e-05,182411
1558202400,1558205999,5.11e-05,5.149e-05,5.098e-05,5.137e-05,99543
1558206000,1558209599,5.141e-05,5.156e-05,5.119e-05,5.152e-05,103926
1558209600,1558213199,5.162e-05,5.168e-05,5.118e-05,5.128e-05,64191
1558213200,1558216799,5.13e-05,5.15e-05,5.116e-05,5.135e-05,149890
1558216800,1558220399,5.14e-05,5.153e-05,5.128e-05,5.137e-05,63005
1558220400,1558223999,5.14e-05,5.176e-05,5.106e-05,5.117e-05,154968
1558224000,1558227599,5.119e-05,5.126e-05,5.085e-05,5.116e-05,155376
1558227600,1558231199,5.119e-05,5.13e-05,5.05e-05,5.054e-05,362308
1558231200,1558234799,5.051e-05,5.08e-05,4.982e-05,5.01e-05,346629
1558234800,1558238399,4.996e-05,4.999e-05,4.909e-05,4.956e-05,789466
1558238400,1558241999,4.95e-05,5.074e-05,4.925e-05,4.943e-05,286273
1558242000,1558245599,4.93e-05,4.983e-05,4.927e-05,4.953e-05,235121
1558245600,1558249199,4.957e-05,5.024e-05,4.939e-05,4.948e-05,158210
1558249200,1558252799,4.957e-05,5.174e-05,4.933e-05,5.168e-05,216525
1558252800,1558256399,5.157e-05,5.174e-05,5.086e-05,5.117e-05,178363
1558256400,1558259999,5.111e-05,5.176e-05,5.105e-05,5.144e-05,279944
1558260000,1558263599,5.139e-05,5.151e-05,5.042e-05,5.084e-05,288537
1558263600,1558267199,5.093e-05,5.093e-05,5.018e-05,5.043e-05,80652
1558267200,1558270799,5.032e-05,5.085e-05,4.994e-05,5.066e-05,159609
1558270800,1558274399,5.081e-05,5.09e-05,5.032e-05,5.082e-05,220211
1558274400,1558277999,5.082e-05,5.123e-05,5.068e-05,5.106e-05,188523
1558278000,1558281599,5.105e-05,5.176e-05,5.105e-05,5.124e-05,188456
1558281600,1558285199,5.122e-05,5.168e-05,5.09e-05,5.142e-05,79932
1558285200,1558288799,5.126e-05,5.189e-05,5.122e-05,5.158e-05,239009
1558288800,1558292399,5.172e-05,5.217e-05,5.062e-05,5.118e-05,298857
1558292400,1558295999,5.112e-05,5.131e-05,5.081e-05,5.123e-05,201208
1558296000,1558299599,5.115e-05,5.123e-05,5.084e-05,5.102e-05,72667
1558299600,1558303199,5.108e-05,5.25e-05,5.108e-05,5.231e-05,221521
1558303200,1558306799,5.23e-05,5.283e-05,5.152e-05,5.204e-05,676493
1558306800,1558310399,5.214e-05,5.214e-05,5.09e-05,5.106e-05,265704
1558310400,1558313999,5.11e-05,5.11e-05,5e-05,5.063e-05,777266
1558314000,1558317599,5.044e-05,5.093e-05,5.038e-05,5.075e-05,181283
1558317600,1558321199,5.075e-05,5.088e-05,5.025e-05,5.034e-05,87367
1558321200,1558324799,5.043e-05,5.068e-05,5.029e-05,5.068e-05,113127
1558324800,1558328399,5.068e-05,5.069e-05,5.005e-05,5.021e-05,86594
1558328400,1558331999,5.016e-05,5.05e-05,5.015e-05,5.045e-05,126238
1558332000,1558335599,5.039e-05,5.055e-05,5.019e-05,5.044e-05,207437
1558335600,1558339199,5.041e-05,5.064e-05,5.017e-05,5.033e-05,162447
1558339200,1558342799,5.036e-05,5.038e-05,5e-05,5.006e-05,43447
1558342800,1558346399,5.006e-05,5.059e-05,5.006e-05,5.055e-05,92148
1558346400,1558349999,5.054e-05,5.065e-05,5.02e-05,5.038e-05,73674
1558350000,1558353599,5.038e-05,5.043e-05,4.984e-05,5.002e-05,135482
1558353600,1558357199,5.009e-05,5.034e-05,4.978e-05,5.005e-05,156885
1558357200,1558360799,5.009e-05,5.02e-05,4.992e-05,5.017e-05,220552
1558360800,1558364399,5.015e-05,5.028e-05,4.99e-05,5.006e-05,139185
1558364400,1558367999,5.003e-05,5.041e-05,4.999e-05,5.025e-05,159349
1558368000,1558371599,5.013e-05,5.021e-05,4.975e-05,4.991e-05,179091
1558371600,1558375199,5.002e-05,5.033e-05,4.984e-05,5.013e-05,180622
1558375200,1558378799,5.015e-05,5.035e-05,5.005e-05,5.02e-05,165734
1558378800,1558382399,5.02e-05,5.063e-05,5.003e-05,5.026e-05,204987
1558382400,1558385999,5.033e-05,5.098e-05,5.011e-05,5.048e-05,435592
1558386000,1558389599,5.05e-05,5.051e-05,4.973e-05,4.979e-05,317702
1558389600,1558393199,4.986e-05,5.017e-05,4.954e-05,5.013e-05,231370
1558393200,1558396799,5.02e-05,5.038e-05,4.991e-05,4.995e-05,150983
1558396800,1558400399,5.002e-05,5.022e-05,4.988e-05,5.006e-05,87119
1558400400,1558403999,4.996e-05,5.023e-05,4.989e-05,5.013e-05,84251
1558404000,1558407599,5.016e-05,5.025e-05,4.972e-05,4.984e-05,62665
1558407600,1558411199,4.978e-05,4.981e-05,4.951e-05,4.964e-05,80693
1558411200,1558414799,4.96e-05,4.964e-05,4.93e-05,4.947e-05,47058
1558414800,1558418399,4.949e-05,4.981e-05,4.938e-05,4.978e-05,55864
1558418400,1558421999,4.979e-05,4.984e-05,4.955e-05,4.966e-05,111128
1558422000,1558425599,4.958e-05,4.996e-05,4.955e-05,4.966e-05,86203
1558425600,1558429199,4.968e-05,5.005e-05,4.966e-05,4.988e-05,67193
1558429200,1558432799,4.976e-05,5.032e-05,4.976e-05,5.023e-05,86148
1558432800,1558436399,5.021e-05,5.027e-05,4.992e-05,5.008e-05,139261
1558436400,1558439999,5.012e-05,5.016e-05,4.981e-05,4.994e-05,139046
1558440000,1558443599,4.992e-05,5.009e-05,4.949e-05,4.996e-05,264988
1558443600,1558447199,5.003e-05,5.114e-05,4.995e-05,5e-05,387351
1558447200,1558450799,5e-05,5.012e-05,4.979e-05,5.005e-05,100216
1558450800,1558454399,5.004e-05,5.011e-05,4.983e-05,5.005e-05,211693
1558454400,1558457999,5.003e-05,5.016e-05,4.986e-05,5.016e-05,153472
1558458000,1558461599,5.025e-05,5.03e-05,4.994e-05,5.006e-05,122494
1558461600,1558465199,5.009e-05,5.017e-05,4.987e-05,5.015e-05,127960
1558465200,1558468799,5.012e-05,5.012e-05,4.979e-05,4.991e-05,123173
1558468800,1558472399,4.992e-05,5.018e-05,4.985e-05,5.004e-05,148260
1558472400,1558475999,5.006e-05,5.027e-05,4.985e-05,5.025e-05,218787
1558476000,1558479599,5.023e-05,5.074e-05,4.971e-05,5.011e-05,506886
1558479600,1558483199,5.009e-05,5.019e-05,4.994e-05,5e-05,88532
1558483200,1558486799,5.003e-05,5.084e-05,4.987e-05,5.084e-05,503947
1558486800,1558490399,5.094e-05,5.14e-05,5.011e-05,5.018e-05,305308
1558490400,1558493999,5.026e-05,5.095e-05,5.008e-05,5.066e-05,102576
1558494000,1558497599,5.064e-05,5.089e-05,5.045e-05,5.056e-05,99297
1558497600,1558501199,5.056e-05,5.07e-05,5.042e-05,5.069e-05,101439
1558501200,1558504799,5.068e-05,5.087e-05,5.068e-05,5.071e-05,53057
1558504800,1558508399,5.069e-05,5.084e-05,5.062e-05,5.074e-05,71657
1558508400,1558511999,5.075e-05,5.075e-05,5.043e-05,5.053e-05,76959
1558512000,1558515599,5.059e-05,5.068e-05,5.03e-05,5.034e-05,39222
1558515600,1558519199,5.043e-05,5.043e-05,5e-05,5e-05,88407
1558519200,1558522799,5e-05,5.008e-05,4.975e-05,4.995e-05,56746
1558522800,1558526399,4.992e-05,5.004e-05,4.955e-05,4.969e-05,117921
1558526400,1558529999,4.974e-05,5.049e-05,4.973e-05,4.976e-05,420324
1558530000,1558533599,4.975e-05,4.996e-05,4.962e-05,4.98e-05,136864
1558533600,1558537199,4.976e-05,4.995e-05,4.967e-05,4.975e-05,97425
1558537200,1558540799,4.974e-05,4.989e-05,4.93e-05,4.943e-05,246988
1558540800,1558544399,4.951e-05,4.957e-05,4.926e-05,4.947e-05,76430
1558544400,1558547999,4.943e-05,4.953e-05,4.921e-05,4.942e-05,122461
1558548000,1558551599,4.947e-05,4.96e-05,4.933e-05,4.944e-05,91949
1558551600,1558555199,4.947e-05,5.004e-05,4.939e-05,4.942e-05,177270
1558555200,1558558799,4.949e-05,4.952e-05,4.804e-05,4.865e-05,806918
1558558800,1558562399,4.867e-05,4.883e-05,4.831e-05,4.844e-05,230611
1558562400,1558565999,4.835e-05,4.924e-05,4.835e-05,4.89e-05,474750
1558566000,1558569599,4.89e-05,4.897e-05,4.847e-05,4.88e-05,222156
1558569600,1558573199,4.875e-05,4.906e-05,4.86e-05,4.882e-05,236015
1558573200,1558576799,4.882e-05,4.896e-05,4.874e-05,4.887e-05,145947
1558576800,1558580399,4.885e-05,4.898e-05,4.866e-05,4.887e-05,157328
1558580400,1558583999,4.89e-05,4.891e-05,4.86e-05,4.868e-05,96288
1558584000,1558587599,4.864e-05,4.879e-05,4.852e-05,4.866e-05,63172
1558587600,1558591199,4.867e-05,4.874e-05,4.83e-05,4.838e-05,44643
1558591200,1558594799,4.834e-05,4.837e-05,4.8e-05,4.818e-05,138528
1558594800,1558598399,4.815e-05,4.826e-05,4.8e-05,4.803e-05,122299
1558598400,1558601999,4.8e-05,4.838e-05,4.781e-05,4.828e-05,128832
1558602000,1558605599,4.827e-05,4.88e-05,4.811e-05,4.857e-05,192466
1558605600,1558609199,4.853e-05,4.874e-05,4.849e-05,4.864e-05,113575
1558609200,1558612799,4.868e-05,4.871e-05,4.854e-05,4.859e-05,44798
1558612800,1558616399,4.86e-05,4.864e-05,4.848e-05,4.856e-05,147257
1558616400,1558619999,4.852e-05,4.854e-05,4.827e-05,4.846e-05,189139
1558620000,1558623599,4.846e-05,4.87e-05,4.833e-05,4.859e-05,106921
1558623600,1558627199,4.854e-05,4.855e-05,4.817e-05,4.833e-05,179919
1558627200,1558630799,4.831e-05,4.869e-05,4.812e-05,4.836e-05,159073
1558630800,1558634399,4.832e-05,4.835e-05,4.802e-05,4.817e-05,104213
1558634400,1558637999,4.815e-05,4.836e-05,4.796e-05,4.82e-05,54510
1558638000,1558641599,4.827e-05,4.832e-05,4.801e-05,4.808e-05,64469
1558641600,1558645199,4.806e-05,4.833e-05,4.783e-05,4.83e-05,56556
1558645200,1558648799,4.828e-05,4.868e-05,4.792e-05,4.866e-05,189089
1558648800,1558652399,4.856e-05,4.856e-05,4.801e-05,4.831e-05,148940
1558652400,1558655999,4.827e-05,4.846e-05,4.805e-05,4.839e-05,160272
1558656000,1558659599,4.837e-05,4.85e-05,4.821e-05,4.84e-05,105711
1558659600,1558663199,4.833e-05,4.835e-05,4.806e-05,4.824e-05,75671
1558663200,1558666799,4.82e-05,4.829e-05,4.806e-05,4.809e-05,80771
1558666800,1558670399,4.809e-05,4.821e-05,4.798e-05,4.806e-05,51066
1558670400,1558673999,4.797e-05,4.817e-05,4.791e-05,4.807e-05,40644
1558674000,1558677599,4.802e-05,4.803e-05,4.773e-05,4.773e-05,129065
1558677600,1558681199,4.773e-05,4.82e-05,4.766e-05,4.814e-05,81955
1558681200,1558684799,4.825e-05,4.879e-05,4.812e-05,4.85e-05,314038
1558684800,1558688399,4.846e-05,4.898e-05,4.783e-05,4.845e-05,477419
1558688400,1558691999,4.833e-05,4.876e-05,4.827e-05,4.839e-05,45380
1558692000,1558695599,4.838e-05,4.842e-05,4.819e-05,4.84e-05,107830
1558695600,1558699199,4.841e-05,4.938e-05,4.828e-05,4.879e-05,243460
1558699200,1558702799,4.882e-05,4.895e-05,4.858e-05,4.894e-05,94007
1558702800,1558706399,4.885e-05,4.895e-05,4.853e-05,4.879e-05,90037
1558706400,1558709999,4.879e-05,4.886e-05,4.854e-05,4.886e-05,144313
1558710000,1558713599,4.887e-05,4.891e-05,4.831e-05,4.836e-05,373123
1558713600,1558717199,4.83e-05,4.855e-05,4.826e-05,4.826e-05,292992
1558717200,1558720799,4.832e-05,4.84e-05,4.817e-05,4.83e-05,79455
1558720800,1558724399,4.837e-05,4.839e-05,4.806e-05,4.822e-05,255518
1558724400,1558727999,4.812e-05,4.837e-05,4.801e-05,4.823e-05,76927
1558728000,1558731599,4.819e-05,4.863e-05,4.803e-05,4.846e-05,98292
1558731600,1558735199,4.852e-05,4.855e-05,4.816e-05,4.846e-05,76736
1558735200,1558738799,4.84e-05,4.85e-05,4.817e-05,4.836e-05,115048
1558738800,1558742399,4.827e-05,4.836e-05,4.788e-05,4.812e-05,48240
1558742400,1558745999,4.807e-05,4.825e-05,4.793e-05,4.802e-05,80490
1558746000,1558749599,4.795e-05,4.829e-05,4.793e-05,4.822e-05,93211
1558749600,1558753199,4.829e-05,4.843e-05,4.822e-05,4.829e-05,31133
1558753200,1558756799,4.83e-05,4.867e-05,4.83e-05,4.847e-05,338995
1558756800,1558760399,4.844e-05,4.873e-05,4.835e-05,4.855e-05,127739
1558760400,1558763999,4.847e-05,4.86e-05,4.812e-05,4.812e-05,122355
1558764000,1558767599,4.817e-05,4.823e-05,4.806e-05,4.822e-05,45386
1558767600,1558771199,4.824e-05,4.865e-05,4.816e-05,4.858e-05,39400
1558771200,1558774799,4.856e-05,4.856e-05,4.814e-05,4.818e-05,52902
1558774800,1558778399,4.829e-05,4.836e-05,4.803e-05,4.827e-05,25900
1558778400,1558781999,4.827e-05,4.865e-05,4.816e-05,4.865e-05,48504
1558782000,1558785599,4.863e-05,4.869e-05,4.823e-05,4.832e-05,54918
1558785600,1558789199,4.831e-05,4.846e-05,4.818e-05,4.83e-05,43927
1558789200,1558792799,4.836e-05,4.836e-05,4.8e-05,4.806e-05,71468
1558792800,1558796399,4.805e-05,4.823e-05,4.8e-05,4.821e-05,41684
1558796400,1558799999,4.818e-05,4.824e-05,4.795e-05,4.802e-05,60971
1558800000,1558803599,4.807e-05,4.838e-05,4.793e-05,4.814e-05,169855
1558803600,1558807199,4.813e-05,4.82e-05,4.79e-05,4.8e-05,26533
1558807200,1558810799,4.797e-05,4.837e-05,4.788e-05,4.805e-05,181961
1558810800,1558814399,4.803e-05,4.812e-05,4.78e-05,4.785e-05,128414
1558814400,1558817999,4.783e-05,4.802e-05,4.762e-05,4.791e-05,145476
1558818000,1558821599,4.795e-05,4.824e-05,4.771e-05,4.798e-05,62996
1558821600,1558825199,4.804e-05,4.816e-05,4.791e-05,4.81e-05,90633
1558825200,1558828799,4.815e-05,4.838e-05,4.8e-05,4.803e-05,94389
1558828800,1558832399,4.81e-05,4.812e-05,4.788e-05,4.796e-05,78106
1558832400,1558835999,4.796e-05,4.807e-05,4.787e-05,4.794e-05,45480
1558836000,1558839599,4.793e-05,4.809e-05,4.788e-05,4.79e-05,54195
1558839600,1558843199,4.789e-05,4.817e-05,4.779e-05,4.794e-05,96543
1558843200,1558846799,4.8e-05,4.807e-05,4.776e-05,4.794e-05,34645
1558846800,1558850399,4.794e-05,4.796e-05,4.758e-05,4.76e-05,80127
1558850400,1558853999,4.764e-05,4.78e-05,4.759e-05,4.77e-05,40321
1558854000,1558857599,4.772e-05,4.795e-05,4.762e-05,4.792e-05,55377
1558857600,1558861199,4.791e-05,4.791e-05,4.771e-05,4.783e-05,8641
1558861200,1558864799,4.793e-05,4.803e-05,4.781e-05,4.8e-05,14537
1558864800,1558868399,4.8e-05,4.8e-05,4.774e-05,4.779e-05,8129
1558868400,1558871999,4.779e-05,4.784e-05,4.758e-05,4.763e-05,56500
1558872000,1558875599,4.772e-05,4.788e-05,4.759e-05,4.769e-05,94410
1558875600,1558879199,4.777e-05,4.785e-05,4.758e-05,4.785e-05,73434
1558879200,1558882799,4.784e-05,4.803e-05,4.77e-05,4.787e-05,112265
1558882800,1558886399,4.777e-05,4.784e-05,4.764e-05,4.781e-05,44335
1558886400,1558889999,4.782e-05,4.794e-05,4.768e-05,4.79e-05,29136
1558890000,1558893599,4.783e-05,4.79e-05,4.772e-05,4.785e-05,61228
1558893600,1558897199,4.785e-05,4.808e-05,4.774e-05,4.808e-05,125840
1558897200,1558900799,4.807e-05,4.83e-05,4.608e-05,4.635e-05,1558427
1558900800,1558904399,4.643e-05,4.732e-05,4.603e-05,4.709e-05,1524968
1558904400,1558907999,4.712e-05,4.799e-05,4.681e-05,4.773e-05,430735
1558908000,1558911599,4.773e-05,4.782e-05,4.687e-05,4.706e-05,351034
1558911600,1558915199,4.712e-05,4.722e-05,4.691e-05,4.692e-05,528208
1558915200,1558918799,4.692e-05,4.774e-05,4.669e-05,4.688e-05,404589
1558918800,1558922399,4.691e-05,4.72e-05,4.651e-05,4.678e-05,579813
1558922400,1558925999,4.683e-05,4.702e-05,4.657e-05,4.702e-05,220298
1558926000,1558929599,4.707e-05,4.735e-05,4.683e-05,4.718e-05,235127
1558929600,1558933199,4.719e-05,4.725e-05,4.693e-05,4.705e-05,112608
1558933200,1558936799,4.704e-05,4.724e-05,4.688e-05,4.711e-05,208976
1558936800,1558940399,4.712e-05,4.742e-05,4.711e-05,4.737e-05,178038
1558940400,1558943999,4.737e-05,4.739e-05,4.689e-05,4.699e-05,72115
1558944000,1558947599,4.7e-05,4.7e-05,4.682e-05,4.7e-05,48096
1558947600,1558951199,4.695e-05,4.707e-05,4.681e-05,4.701e-05,183710
1558951200,1558954799,4.701e-05,4.741e-05,4.679e-05,4.704e-05,209949
1558954800,1558958399,4.703e-05,4.724e-05,4.69e-05,4.702e-05,168090
1558958400,1558961999,4.703e-05,4.703e-05,4.66e-05,4.696e-05,126872
1558962000,1558965599,4.697e-05,4.72e-05,4.677e-05,4.718e-05,93555
1558965600,1558969199,4.718e-05,4.74e-05,4.698e-05,4.727e-05,187824
1558969200,1558972799,4.723e-05,4.859e-05,4.723e-05,4.801e-05,618385
1558972800,1558976399,4.805e-05,5.02e-05,4.798e-05,4.802e-05,863191
1558976400,1558979999,4.803e-05,4.874e-05,4.784e-05,4.794e-05,374079
1558980000,1558983599,4.799e-05,4.855e-05,4.777e-05,4.85e-05,293591
1558983600,1558987199,4.857e-05,4.879e-05,4.826e-05,4.862e-05,217159
1558987200,1558990799,4.86e-05,4.894e-05,4.824e-05,4.83e-05,285169
1558990800,1558994399,4.839e-05,4.868e-05,4.799e-05,4.862e-05,346979
1558994400,1558997999,4.864e-05,4.918e-05,4.833e-05,4.918e-05,181848
1558998000,1559001599,4.92e-05,5e-05,4.897e-05,4.94e-05,539617
1559001600,1559005199,4.949e-05,5.001e-05,4.875e-05,4.882e-05,488583
1559005200,1559008799,4.896e-05,4.95e-05,4.885e-05,4.927e-05,331046
1559008800,1559012399,4.926e-05,4.966e-05,4.926e-05,4.927e-05,329820
1559012400,1559015999,4.927e-05,4.938e-05,4.903e-05,4.913e-05,148217
1559016000,1559019599,4.905e-05,4.975e-05,4.905e-05,4.937e-05,166981
1559019600,1559023199,4.931e-05,4.943e-05,4.86e-05,4.876e-05,181424
1559023200,1559026799,4.88e-05,4.883e-05,4.83e-05,4.862e-05,147571
1559026800,1559030399,4.872e-05,4.925e-05,4.814e-05,4.903e-05,3360943
1559030400,1559033999,4.907e-05,4.914e-05,4.878e-05,4.907e-05,115767
1559034000,1559037599,4.91e-05,4.954e-05,4.91e-05,4.926e-05,153404
1559037600,1559041199,4.926e-05,4.931e-05,4.877e-05,4.887e-05,78410
1559041200,1559044799,4.887e-05,4.941e-05,4.885e-05,4.929e-05,155069
1559044800,1559048399,4.931e-05,4.974e-05,4.905e-05,4.908e-05,273922
1559048400,1559051999,4.906e-05,4.951e-05,4.874e-05,4.895e-05,485251
1559052000,1559055599,4.906e-05,4.949e-05,4.889e-05,4.905e-05,325833
1559055600,1559059199,4.908e-05,5.101e-05,4.9e-05,5.095e-05,370184
1559059200,1559062799,5.105e-05,5.169e-05,5.012e-05,5.163e-05,1507340
1559062800,1559066399,5.173e-05,5.327e-05,5.152e-05,5.216e-05,2032807
1559066400,1559069999,5.211e-05,5.269e-05,5.14e-05,5.194e-05,815206
1559070000,1559073599,5.196e-05,5.261e-05,5.087e-05,5.158e-05,1007855
1559073600,1559077199,5.153e-05,5.208e-05,5.105e-05,5.192e-05,290453
1559077200,1559080799,5.188e-05,5.237e-05,5.16e-05,5.225e-05,320346
1559080800,1559084399,5.218e-05,5.277e-05,5.165e-05,5.182e-05,320270
1559084400,1559087999,5.176e-05,5.199e-05,5.115e-05,5.153e-05,628520
1559088000,1559091599,5.153e-05,5.157e-05,5.082e-05,5.113e-05,324829
1559091600,1559095199,5.11e-05,5.124e-05,5.086e-05,5.106e-05,220724
1559095200,1559098799,5.09e-05,5.104e-05,5.05e-05,5.076e-05,279367
1559098800,1559102399,5.076e-05,5.11e-05,5.063e-05,5.098e-05,189564
1559102400,1559105999,5.094e-05,5.1e-05,5.043e-05,5.055e-05,394537
1559106000,1559109599,5.057e-05,5.068e-05,4.979e-05,5.027e-05,483004
1559109600,1559113199,5.019e-05,5.053e-05,5.013e-05,5.042e-05,189460
1559113200,1559116799,5.042e-05,5.082e-05,5.039e-05,5.061e-05,80922
1559116800,1559120399,5.059e-05,5.085e-05,5.028e-05,5.061e-05,64272
1559120400,1559123999,5.061e-05,5.072e-05,5.029e-05,5.065e-05,146134
1559124000,1559127599,5.065e-05,5.143e-05,5.053e-05,5.095e-05,287312
1559127600,1559131199,5.095e-05,5.115e-05,5.061e-05,5.076e-05,106057
1559131200,1559134799,5.076e-05,5.213e-05,5.062e-05,5.205e-05,189463
1559134800,1559138399,5.218e-05,5.262e-05,5.144e-05,5.182e-05,536580
1559138400,1559141999,5.183e-05,5.228e-05,5.155e-05,5.155e-05,308841
1559142000,1559145599,5.174e-05,5.21e-05,5.124e-05,5.169e-05,256670
1559145600,1559149199,5.169e-05,5.174e-05,5.106e-05,5.169e-05,238220
1559149200,1559152799,5.156e-05,5.165e-05,5.12e-05,5.126e-05,295998
1559152800,1559156399,5.122e-05,5.139e-05,5.088e-05,5.124e-05,168113
1559156400,1559159999,5.124e-05,5.192e-05,5.113e-05,5.192e-05,192090
1559160000,1559163599,5.191e-05,5.219e-05,5.136e-05,5.163e-05,413634
1559163600,1559167199,5.167e-05,5.213e-05,5.165e-05,5.18e-05,192904
1559167200,1559170799,5.18e-05,5.205e-05,5.157e-05,5.157e-05,160801
1559170800,1559174399,5.159e-05,5.184e-05,5.114e-05,5.128e-05,192202
1559174400,1559177999,5.129e-05,5.183e-05,5.057e-05,5.183e-05,442207
1559178000,1559181599,5.185e-05,5.193e-05,5.126e-05,5.163e-05,231584
1559181600,1559185199,5.16e-05,5.163e-05,5.111e-05,5.151e-05,298374
1559185200,1559188799,5.149e-05,5.247e-05,5.147e-05,5.199e-05,220615
1559188800,1559192399,5.222e-05,5.269e-05,5.188e-05,5.226e-05,412415
1559192400,1559195999,5.235e-05,5.39e-05,5.235e-05,5.26e-05,550780
1559196000,1559199599,5.265e-05,5.351e-05,5.264e-05,5.314e-05,296566
1559199600,1559203199,5.308e-05,5.392e-05,5.293e-05,5.329e-05,208322
1559203200,1559206799,5.346e-05,5.35e-05,5.228e-05,5.296e-05,153310
1559206800,1559210399,5.305e-05,5.322e-05,5.272e-05,5.315e-05,74589
1559210400,1559213999,5.319e-05,5.333e-05,5.288e-05,5.304e-05,120943
1559214000,1559217599,5.301e-05,5.359e-05,5.3e-05,5.327e-05,124119
1559217600,1559221199,5.327e-05,5.363e-05,5.319e-05,5.326e-05,344522
1559221200,1559224799,5.326e-05,5.362e-05,5.319e-05,5.33e-05,241914
1559224800,1559228399,5.323e-05,5.362e-05,5.266e-05,5.32e-05,253199
1559228400,1559231999,5.325e-05,5.35e-05,5.261e-05,5.261e-05,248737
1559232000,1559235599,5.267e-05,5.274e-05,5.139e-05,5.158e-05,1260740
1559235600,1559239199,5.151e-05,5.169e-05,5.033e-05,5.155e-05,566989
1559239200,1559242799,5.124e-05,5.191e-05,5.1e-05,5.191e-05,222444
1559242800,1559246399,5.194e-05,5.198e-05,5.108e-05,5.13e-05,198511
1559246400,1559249999,5.129e-05,5.129e-05,5.026e-05,5.069e-05,457781
1559250000,1559253599,5.075e-05,5.117e-05,4.975e-05,5.01e-05,1176121
1559253600,1559257199,5.014e-05,5.096e-05,5.006e-05,5.093e-05,702177
1559257200,1559260799,5.089e-05,5.09e-05,5.046e-05,5.069e-05,136095
1559260800,1559264399,5.069e-05,5.069e-05,5.03e-05,5.059e-05,192393
1559264400,1559267999,5.047e-05,5.107e-05,5.029e-05,5.053e-05,326451
1559268000,1559271599,5.056e-05,5.081e-05,5.026e-05,5.06e-05,136921
1559271600,1559275199,5.057e-05,5.067e-05,5.002e-05,5.058e-05,123004
1559275200,1559278799,5.06e-05,5.074e-05,5.003e-05,5.009e-05,132263
1559278800,1559282399,5.005e-05,5.075e-05,4.997e-05,5.05e-05,205967
1559282400,1559285999,5.06e-05,5.085e-05,5.045e-05,5.046e-05,95780
1559286000,1559289599,5.048e-05,5.07e-05,5.017e-05,5.07e-05,86644
1559289600,1559293199,5.073e-05,5.074e-05,5.04e-05,5.049e-05,32679
1559293200,1559296799,5.051e-05,5.075e-05,5.026e-05,5.047e-05,105881
1559296800,1559300399,5.053e-05,5.091e-05,5.038e-05,5.078e-05,63594
1559300400,1559303999,5.078e-05,5.104e-05,5.056e-05,5.08e-05,181637
1559304000,1559307599,5.085e-05,5.137e-05,5.065e-05,5.137e-05,233160
1559307600,1559311199,5.132e-05,5.148e-05,5.058e-05,5.113e-05,514748
1559311200,1559314799,5.115e-05,5.122e-05,5.095e-05,5.105e-05,42914
1559314800,1559318399,5.105e-05,5.112e-05,5.041e-05,5.042e-05,149424
1559318400,1559321999,5.057e-05,5.097e-05,5.036e-05,5.07e-05,286763
1559322000,1559325599,5.069e-05,5.079e-05,5.043e-05,5.05e-05,51810
1559325600,1559329199,5.05e-05,5.089e-05,5.041e-05,5.071e-05,52646
1559329200,1559332799,5.073e-05,5.103e-05,5.072e-05,5.073e-05,131935
1559332800,1559336399,5.075e-05,5.113e-05,5.07e-05,5.097e-05,88281
1559336400,1559339999,5.098e-05,5.147e-05,5.078e-05,5.122e-05,485389
1559340000,1559343599,5.118e-05,5.118e-05,5.08e-05,5.103e-05,169086
1559343600,1559347199,5.104e-05,5.155e-05,5.093e-05,5.129e-05,143368
1559347200,1559350799,5.134e-05,5.155e-05,5.08e-05,5.15e-05,245138
1559350800,1559354399,5.126e-05,5.15e-05,5.115e-05,5.131e-05,74891
1559354400,1559357999,5.127e-05,5.141e-05,5.102e-05,5.133e-05,117666
1559358000,1559361599,5.132e-05,5.147e-05,5.108e-05,5.108e-05,88314
1559361600,1559365199,5.105e-05,5.141e-05,5.097e-05,5.129e-05,91593
1559365200,1559368799,5.129e-05,5.132e-05,5.068e-05,5.088e-05,87761
1559368800,1559372399,5.085e-05,5.11e-05,5.075e-05,5.098e-05,81300
1559372400,1559375999,5.096e-05,5.1e-05,5.078e-05,5.093e-05,60834
1559376000,1559379599,5.093e-05,5.118e-05,5.074e-05,5.104e-05,51031
1559379600,1559383199,5.092e-05,5.118e-05,5.089e-05,5.106e-05,24304
1559383200,1559386799,5.104e-05,5.104e-05,5.075e-05,5.091e-05,37406
1559386800,1559390399,5.099e-05,5.102e-05,5.072e-05,5.093e-05,71443
1559390400,1559393999,5.093e-05,5.095e-05,5.063e-05,5.087e-05,79164
1559394000,1559397599,5.078e-05,5.089e-05,5.059e-05,5.062e-05,86231
1559397600,1559401199,5.055e-05,5.067e-05,4.954e-05,4.993e-05,371098
1559401200,1559404799,5.005e-05,5.033e-05,4.988e-05,5.022e-05,215710
1559404800,1559408399,5.017e-05,5.049e-05,5.017e-05,5.041e-05,149502
1559408400,1559411999,5.034e-05,5.046e-05,4.997e-05,5.037e-05,109184
1559412000,1559415599,5.033e-05,5.046e-05,5.013e-05,5.015e-05,96702
1559415600,1559419199,5.026e-05,5.027e-05,4.98e-05,5.019e-05,122014
1559419200,1559422799,5.017e-05,5.035e-05,5.005e-05,5.025e-05,85719
1559422800,1559426399,5.022e-05,5.085e-05,5.013e-05,5.056e-05,460327
1559426400,1559429999,5.062e-05,5.084e-05,5.027e-05,5.057e-05,95316
1559430000,1559433599,5.052e-05,5.052e-05,5.008e-05,5.02e-05,197929
1559433600,1559437199,5.025e-05,5.064e-05,5.009e-05,5.043e-05,71235
1559437200,1559440799,5.041e-05,5.058e-05,5.019e-05,5.034e-05,116960
1559440800,1559444399,5.04e-05,5.056e-05,5.028e-05,5.04e-05,39357
1559444400,1559447999,5.015e-05,5.037e-05,5.011e-05,5.019e-05,79405
1559448000,1559451599,5.028e-05,5.06e-05,5.027e-05,5.045e-05,45782
1559451600,1559455199,5.044e-05,5.057e-05,5.036e-05,5.057e-05,51261
1559455200,1559458799,5.05e-05,5.095e-05,5.048e-05,5.083e-05,28707
1559458800,1559462399,5.083e-05,5.093e-05,5.05e-05,5.064e-05,89678
1559462400,1559465999,5.065e-05,5.065e-05,5.042e-05,5.046e-05,34443
1559466000,1559469599,5.045e-05,5.059e-05,5.04e-05,5.058e-05,44038
1559469600,1559473199,5.056e-05,5.058e-05,5.041e-05,5.053e-05,39676
1559473200,1559476799,5.046e-05,5.07e-05,5.046e-05,5.054e-05,25138
1559476800,1559480399,5.062e-05,5.07e-05,5.037e-05,5.057e-05,71820
1559480400,1559483999,5.056e-05,5.068e-05,5.035e-05,5.04e-05,762686
1559484000,1559487599,5.046e-05,5.074e-05,5.041e-05,5.055e-05,67970
1559487600,1559491199,5.055e-05,5.06e-05,5.041e-05,5.05e-05,110560
1559491200,1559494799,5.044e-05,5.138e-05,5.04e-05,5.086e-05,291485
1559494800,1559498399,5.087e-05,5.104e-05,5.053e-05,5.066e-05,241636
1559498400,1559501999,5.058e-05,5.073e-05,5.048e-05,5.064e-05,28151
1559502000,1559505599,5.053e-05,5.07e-05,5.045e-05,5.057e-05,105492
1559505600,1559509199,5.056e-05,5.072e-05,5.045e-05,5.059e-05,53913
1559509200,1559512799,5.067e-05,5.114e-05,5.055e-05,5.091e-05,136756
1559512800,1559516399,5.094e-05,5.109e-05,5.07e-05,5.081e-05,46569
1559516400,1559519999,5.083e-05,5.112e-05,5.083e-05,5.095e-05,76438
1559520000,1559523599,5.092e-05,5.098e-05,5.071e-05,5.093e-05,98106
1559523600,1559527199,5.095e-05,5.109e-05,5.08e-05,5.102e-05,222646
1559527200,1559530799,5.103e-05,5.353e-05,5.094e-05,5.265e-05,760288
1559530800,1559534399,5.253e-05,5.323e-05,5.211e-05,5.215e-05,464190
1559534400,1559537999,5.222e-05,5.306e-05,5.211e-05,5.296e-05,132954
1559538000,1559541599,5.295e-05,5.326e-05,5.228e-05,5.25e-05,193703
1559541600,1559545199,5.257e-05,5.264e-05,5.163e-05,5.191e-05,149107
1559545200,1559548799,5.186e-05,5.193e-05,5.109e-05,5.187e-05,260298
1559548800,1559552399,5.193e-05,5.211e-05,5.158e-05,5.168e-05,145241
1559552400,1559555999,5.193e-05,5.209e-05,5.157e-05,5.2e-05,67789
1559556000,1559559599,5.199e-05,5.268e-05,5.195e-05,5.25e-05,167751
1559559600,1559563199,5.25e-05,5.258e-05,5.218e-05,5.228e-05,134634
1559563200,1559566799,5.228e-05,5.254e-05,5.201e-05,5.254e-05,175288
1559566800,1559570399,5.251e-05,5.255e-05,5.194e-05,5.2e-05,311803
1559570400,1559573999,5.21e-05,5.233e-05,5.17e-05,5.208e-05,173067
1559574000,1559577599,5.208e-05,5.224e-05,5.174e-05,5.204e-05,454434
1559577600,1559581199,5.204e-05,5.246e-05,5.184e-05,5.233e-05,316475
1559581200,1559584799,5.231e-05,5.233e-05,5.178e-05,5.179e-05,131125
1559584800,1559588399,5.18e-05,5.198e-05,5.153e-05,5.165e-05,203587
1559588400,1559591999,5.164e-05,5.201e-05,5.148e-05,5.18e-05,193695
1559592000,1559595599,5.173e-05,5.178e-05,5.148e-05,5.151e-05,88321
1559595600,1559599199,5.153e-05,5.195e-05,5.142e-05,5.192e-05,148035
